Clock,SecondsRemain
Q1 15:00,3600
Q1 14:59,3599
Q1 14:58,3598
Q1 14:57,3597
Q1 14:56,3596
Q1 14:55,3595
Q1 14:54,3594
Q1 14:53,3593
Q1 14:52,3592
Q1 14:51,3591
Q1 14:50,3590
Q1 14:49,3589
Q1 14:48,3588
Q1 14:47,3587
Q1 14:46,3586
Q1 14:45,3585
Q1 14:44,3584
Q1 14:43,3583
Q1 14:42,3582
Q1 14:41,3581
Q1 14:40,3580
Q1 14:39,3579
Q1 14:38,3578
Q1 14:37,3577
Q1 14:36,3576
Q1 14:35,3575
Q1 14:34,3574
Q1 14:33,3573
Q1 14:32,3572
Q1 14:31,3571
Q1 14:30,3570
Q1 14:29,3569
Q1 14:28,3568
Q1 14:27,3567
Q1 14:26,3566
Q1 14:25,3565
Q1 14:24,3564
Q1 14:23,3563
Q1 14:22,3562
Q1 14:21,3561
Q1 14:20,3560
Q1 14:19,3559
Q1 14:18,3558
Q1 14:17,3557
Q1 14:16,3556
Q1 14:15,3555
Q1 14:14,3554
Q1 14:13,3553
Q1 14:12,3552
Q1 14:11,3551
Q1 14:10,3550
Q1 14:09,3549
Q1 14:08,3548
Q1 14:07,3547
Q1 14:06,3546
Q1 14:05,3545
Q1 14:04,3544
Q1 14:03,3543
Q1 14:02,3542
Q1 14:01,3541
Q1 13:00,3540
Q1 13:59,3539
Q1 13:58,3538
Q1 13:57,3537
Q1 13:56,3536
Q1 13:55,3535
Q1 13:54,3534
Q1 13:53,3533
Q1 13:52,3532
Q1 13:51,3531
Q1 13:50,3530
Q1 13:49,3529
Q1 13:48,3528
Q1 13:47,3527
Q1 13:46,3526
Q1 13:45,3525
Q1 13:44,3524
Q1 13:43,3523
Q1 13:42,3522
Q1 13:41,3521
Q1 13:40,3520
Q1 13:39,3519
Q1 13:38,3518
Q1 13:37,3517
Q1 13:36,3516
Q1 13:35,3515
Q1 13:34,3514
Q1 13:33,3513
Q1 13:32,3512
Q1 13:31,3511
Q1 13:30,3510
Q1 13:29,3509
Q1 13:28,3508
Q1 13:27,3507
Q1 13:26,3506
Q1 13:25,3505
Q1 13:24,3504
Q1 13:23,3503
Q1 13:22,3502
Q1 13:21,3501
Q1 13:20,3500
Q1 13:19,3499
Q1 13:18,3498
Q1 13:17,3497
Q1 13:16,3496
Q1 13:15,3495
Q1 13:14,3494
Q1 13:13,3493
Q1 13:12,3492
Q1 13:11,3491
Q1 13:10,3490
Q1 13:09,3489
Q1 13:08,3488
Q1 13:07,3487
Q1 13:06,3486
Q1 13:05,3485
Q1 13:04,3484
Q1 13:03,3483
Q1 13:02,3482
Q1 13:01,3481
Q1 12:00,3480
Q1 12:59,3479
Q1 12:58,3478
Q1 12:57,3477
Q1 12:56,3476
Q1 12:55,3475
Q1 12:54,3474
Q1 12:53,3473
Q1 12:52,3472
Q1 12:51,3471
Q1 12:50,3470
Q1 12:49,3469
Q1 12:48,3468
Q1 12:47,3467
Q1 12:46,3466
Q1 12:45,3465
Q1 12:44,3464
Q1 12:43,3463
Q1 12:42,3462
Q1 12:41,3461
Q1 12:40,3460
Q1 12:39,3459
Q1 12:38,3458
Q1 12:37,3457
Q1 12:36,3456
Q1 12:35,3455
Q1 12:34,3454
Q1 12:33,3453
Q1 12:32,3452
Q1 12:31,3451
Q1 12:30,3450
Q1 12:29,3449
Q1 12:28,3448
Q1 12:27,3447
Q1 12:26,3446
Q1 12:25,3445
Q1 12:24,3444
Q1 12:23,3443
Q1 12:22,3442
Q1 12:21,3441
Q1 12:20,3440
Q1 12:19,3439
Q1 12:18,3438
Q1 12:17,3437
Q1 12:16,3436
Q1 12:15,3435
Q1 12:14,3434
Q1 12:13,3433
Q1 12:12,3432
Q1 12:11,3431
Q1 12:10,3430
Q1 12:09,3429
Q1 12:08,3428
Q1 12:07,3427
Q1 12:06,3426
Q1 12:05,3425
Q1 12:04,3424
Q1 12:03,3423
Q1 12:02,3422
Q1 12:01,3421
Q1 11:00,3420
Q1 11:59,3419
Q1 11:58,3418
Q1 11:57,3417
Q1 11:56,3416
Q1 11:55,3415
Q1 11:54,3414
Q1 11:53,3413
Q1 11:52,3412
Q1 11:51,3411
Q1 11:50,3410
Q1 11:49,3409
Q1 11:48,3408
Q1 11:47,3407
Q1 11:46,3406
Q1 11:45,3405
Q1 11:44,3404
Q1 11:43,3403
Q1 11:42,3402
Q1 11:41,3401
Q1 11:40,3400
Q1 11:39,3399
Q1 11:38,3398
Q1 11:37,3397
Q1 11:36,3396
Q1 11:35,3395
Q1 11:34,3394
Q1 11:33,3393
Q1 11:32,3392
Q1 11:31,3391
Q1 11:30,3390
Q1 11:29,3389
Q1 11:28,3388
Q1 11:27,3387
Q1 11:26,3386
Q1 11:25,3385
Q1 11:24,3384
Q1 11:23,3383
Q1 11:22,3382
Q1 11:21,3381
Q1 11:20,3380
Q1 11:19,3379
Q1 11:18,3378
Q1 11:17,3377
Q1 11:16,3376
Q1 11:15,3375
Q1 11:14,3374
Q1 11:13,3373
Q1 11:12,3372
Q1 11:11,3371
Q1 11:10,3370
Q1 11:09,3369
Q1 11:08,3368
Q1 11:07,3367
Q1 11:06,3366
Q1 11:05,3365
Q1 11:04,3364
Q1 11:03,3363
Q1 11:02,3362
Q1 11:01,3361
Q1 10:00,3360
Q1 10:59,3359
Q1 10:58,3358
Q1 10:57,3357
Q1 10:56,3356
Q1 10:55,3355
Q1 10:54,3354
Q1 10:53,3353
Q1 10:52,3352
Q1 10:51,3351
Q1 10:50,3350
Q1 10:49,3349
Q1 10:48,3348
Q1 10:47,3347
Q1 10:46,3346
Q1 10:45,3345
Q1 10:44,3344
Q1 10:43,3343
Q1 10:42,3342
Q1 10:41,3341
Q1 10:40,3340
Q1 10:39,3339
Q1 10:38,3338
Q1 10:37,3337
Q1 10:36,3336
Q1 10:35,3335
Q1 10:34,3334
Q1 10:33,3333
Q1 10:32,3332
Q1 10:31,3331
Q1 10:30,3330
Q1 10:29,3329
Q1 10:28,3328
Q1 10:27,3327
Q1 10:26,3326
Q1 10:25,3325
Q1 10:24,3324
Q1 10:23,3323
Q1 10:22,3322
Q1 10:21,3321
Q1 10:20,3320
Q1 10:19,3319
Q1 10:18,3318
Q1 10:17,3317
Q1 10:16,3316
Q1 10:15,3315
Q1 10:14,3314
Q1 10:13,3313
Q1 10:12,3312
Q1 10:11,3311
Q1 10:10,3310
Q1 10:9,3309
Q1 10:09,3308
Q1 10:08,3307
Q1 10:07,3306
Q1 10:06,3305
Q1 10:05,3304
Q1 10:04,3303
Q1 10:03,3302
Q1 10:02,3301
Q1 09:01,3300
Q1 09:00,3299
Q1 09:58,3298
Q1 09:57,3297
Q1 09:56,3296
Q1 09:55,3295
Q1 09:54,3294
Q1 09:53,3293
Q1 09:52,3292
Q1 09:51,3291
Q1 09:50,3290
Q1 09:49,3289
Q1 09:48,3288
Q1 09:47,3287
Q1 09:46,3286
Q1 09:45,3285
Q1 09:44,3284
Q1 09:43,3283
Q1 09:42,3282
Q1 09:41,3281
Q1 09:40,3280
Q1 09:39,3279
Q1 09:38,3278
Q1 09:37,3277
Q1 09:36,3276
Q1 09:35,3275
Q1 09:34,3274
Q1 09:33,3273
Q1 09:32,3272
Q1 09:31,3271
Q1 09:30,3270
Q1 09:29,3269
Q1 09:28,3268
Q1 09:27,3267
Q1 09:26,3266
Q1 09:25,3265
Q1 09:24,3264
Q1 09:23,3263
Q1 09:22,3262
Q1 09:21,3261
Q1 09:20,3260
Q1 09:19,3259
Q1 09:18,3258
Q1 09:17,3257
Q1 09:16,3256
Q1 09:15,3255
Q1 09:14,3254
Q1 09:13,3253
Q1 09:12,3252
Q1 09:11,3251
Q1 09:10,3250
Q1 09:09,3249
Q1 09:08,3248
Q1 09:07,3247
Q1 09:06,3246
Q1 09:05,3245
Q1 09:04,3244
Q1 09:03,3243
Q1 09:02,3242
Q1 09:01,3241
Q1 08:00,3240
Q1 08:59,3239
Q1 08:58,3238
Q1 08:57,3237
Q1 08:56,3236
Q1 08:55,3235
Q1 08:54,3234
Q1 08:53,3233
Q1 08:52,3232
Q1 08:51,3231
Q1 08:50,3230
Q1 08:49,3229
Q1 08:48,3228
Q1 08:47,3227
Q1 08:46,3226
Q1 08:45,3225
Q1 08:44,3224
Q1 08:43,3223
Q1 08:42,3222
Q1 08:41,3221
Q1 08:40,3220
Q1 08:39,3219
Q1 08:38,3218
Q1 08:37,3217
Q1 08:36,3216
Q1 08:35,3215
Q1 08:34,3214
Q1 08:33,3213
Q1 08:32,3212
Q1 08:31,3211
Q1 08:30,3210
Q1 08:29,3209
Q1 08:28,3208
Q1 08:27,3207
Q1 08:26,3206
Q1 08:25,3205
Q1 08:24,3204
Q1 08:23,3203
Q1 08:22,3202
Q1 08:21,3201
Q1 08:20,3200
Q1 08:19,3199
Q1 08:18,3198
Q1 08:17,3197
Q1 08:16,3196
Q1 08:15,3195
Q1 08:14,3194
Q1 08:13,3193
Q1 08:12,3192
Q1 08:11,3191
Q1 08:10,3190
Q1 08:09,3189
Q1 08:08,3188
Q1 08:07,3187
Q1 08:06,3186
Q1 08:05,3185
Q1 08:04,3184
Q1 08:03,3183
Q1 08:02,3182
Q1 08:01,3181
Q1 07:00,3180
Q1 07:59,3179
Q1 07:58,3178
Q1 07:57,3177
Q1 07:56,3176
Q1 07:55,3175
Q1 07:54,3174
Q1 07:53,3173
Q1 07:52,3172
Q1 07:51,3171
Q1 07:50,3170
Q1 07:49,3169
Q1 07:48,3168
Q1 07:47,3167
Q1 07:46,3166
Q1 07:45,3165
Q1 07:44,3164
Q1 07:43,3163
Q1 07:42,3162
Q1 07:41,3161
Q1 07:40,3160
Q1 07:39,3159
Q1 07:38,3158
Q1 07:37,3157
Q1 07:36,3156
Q1 07:35,3155
Q1 07:34,3154
Q1 07:33,3153
Q1 07:32,3152
Q1 07:31,3151
Q1 07:30,3150
Q1 07:29,3149
Q1 07:28,3148
Q1 07:27,3147
Q1 07:26,3146
Q1 07:25,3145
Q1 07:24,3144
Q1 07:23,3143
Q1 07:22,3142
Q1 07:21,3141
Q1 07:20,3140
Q1 07:19,3139
Q1 07:18,3138
Q1 07:17,3137
Q1 07:16,3136
Q1 07:15,3135
Q1 07:14,3134
Q1 07:13,3133
Q1 07:12,3132
Q1 07:11,3131
Q1 07:10,3130
Q1 07:09,3129
Q1 07:08,3128
Q1 07:07,3127
Q1 07:06,3126
Q1 07:05,3125
Q1 07:04,3124
Q1 07:03,3123
Q1 07:02,3122
Q1 07:01,3121
Q1 06:00,3120
Q1 06:59,3119
Q1 06:58,3118
Q1 06:57,3117
Q1 06:56,3116
Q1 06:55,3115
Q1 06:54,3114
Q1 06:53,3113
Q1 06:52,3112
Q1 06:51,3111
Q1 06:50,3110
Q1 06:49,3109
Q1 06:48,3108
Q1 06:47,3107
Q1 06:46,3106
Q1 06:45,3105
Q1 06:44,3104
Q1 06:43,3103
Q1 06:42,3102
Q1 06:41,3101
Q1 06:40,3100
Q1 06:39,3099
Q1 06:38,3098
Q1 06:37,3097
Q1 06:36,3096
Q1 06:35,3095
Q1 06:34,3094
Q1 06:33,3093
Q1 06:32,3092
Q1 06:31,3091
Q1 06:30,3090
Q1 06:29,3089
Q1 06:28,3088
Q1 06:27,3087
Q1 06:26,3086
Q1 06:25,3085
Q1 06:24,3084
Q1 06:23,3083
Q1 06:22,3082
Q1 06:21,3081
Q1 06:20,3080
Q1 06:19,3079
Q1 06:18,3078
Q1 06:17,3077
Q1 06:16,3076
Q1 06:15,3075
Q1 06:14,3074
Q1 06:13,3073
Q1 06:12,3072
Q1 06:11,3071
Q1 06:10,3070
Q1 06:09,3069
Q1 06:08,3068
Q1 06:07,3067
Q1 06:06,3066
Q1 06:05,3065
Q1 06:04,3064
Q1 06:03,3063
Q1 06:02,3062
Q1 06:01,3061
Q1 05:00,3060
Q1 05:59,3059
Q1 05:58,3058
Q1 05:57,3057
Q1 05:56,3056
Q1 05:55,3055
Q1 05:54,3054
Q1 05:53,3053
Q1 05:52,3052
Q1 05:51,3051
Q1 05:50,3050
Q1 05:49,3049
Q1 05:48,3048
Q1 05:47,3047
Q1 05:46,3046
Q1 05:45,3045
Q1 05:44,3044
Q1 05:43,3043
Q1 05:42,3042
Q1 05:41,3041
Q1 05:40,3040
Q1 05:39,3039
Q1 05:38,3038
Q1 05:37,3037
Q1 05:36,3036
Q1 05:35,3035
Q1 05:34,3034
Q1 05:33,3033
Q1 05:32,3032
Q1 05:31,3031
Q1 05:30,3030
Q1 05:29,3029
Q1 05:28,3028
Q1 05:27,3027
Q1 05:26,3026
Q1 05:25,3025
Q1 05:24,3024
Q1 05:23,3023
Q1 05:22,3022
Q1 05:21,3021
Q1 05:20,3020
Q1 05:19,3019
Q1 05:18,3018
Q1 05:17,3017
Q1 05:16,3016
Q1 05:15,3015
Q1 05:14,3014
Q1 05:13,3013
Q1 05:12,3012
Q1 05:11,3011
Q1 05:10,3010
Q1 05:09,3009
Q1 05:08,3008
Q1 05:07,3007
Q1 05:06,3006
Q1 05:05,3005
Q1 05:04,3004
Q1 05:03,3003
Q1 05:02,3002
Q1 05:01,3001
Q1 04:00,3000
Q1 04:59,2999
Q1 04:58,2998
Q1 04:57,2997
Q1 04:56,2996
Q1 04:55,2995
Q1 04:54,2994
Q1 04:53,2993
Q1 04:52,2992
Q1 04:51,2991
Q1 04:50,2990
Q1 04:49,2989
Q1 04:48,2988
Q1 04:47,2987
Q1 04:46,2986
Q1 04:45,2985
Q1 04:44,2984
Q1 04:43,2983
Q1 04:42,2982
Q1 04:41,2981
Q1 04:40,2980
Q1 04:39,2979
Q1 04:38,2978
Q1 04:37,2977
Q1 04:36,2976
Q1 04:35,2975
Q1 04:34,2974
Q1 04:33,2973
Q1 04:32,2972
Q1 04:31,2971
Q1 04:30,2970
Q1 04:29,2969
Q1 04:28,2968
Q1 04:27,2967
Q1 04:26,2966
Q1 04:25,2965
Q1 04:24,2964
Q1 04:23,2963
Q1 04:22,2962
Q1 04:21,2961
Q1 04:20,2960
Q1 04:19,2959
Q1 04:18,2958
Q1 04:17,2957
Q1 04:16,2956
Q1 04:15,2955
Q1 04:14,2954
Q1 04:13,2953
Q1 04:12,2952
Q1 04:11,2951
Q1 04:10,2950
Q1 04:09,2949
Q1 04:08,2948
Q1 04:07,2947
Q1 04:06,2946
Q1 04:05,2945
Q1 04:04,2944
Q1 04:03,2943
Q1 04:02,2942
Q1 04:01,2941
Q1 03:00,2940
Q1 03:59,2939
Q1 03:58,2938
Q1 03:57,2937
Q1 03:56,2936
Q1 03:55,2935
Q1 03:54,2934
Q1 03:53,2933
Q1 03:52,2932
Q1 03:51,2931
Q1 03:50,2930
Q1 03:49,2929
Q1 03:48,2928
Q1 03:47,2927
Q1 03:46,2926
Q1 03:45,2925
Q1 03:44,2924
Q1 03:43,2923
Q1 03:42,2922
Q1 03:41,2921
Q1 03:40,2920
Q1 03:39,2919
Q1 03:38,2918
Q1 03:37,2917
Q1 03:36,2916
Q1 03:35,2915
Q1 03:34,2914
Q1 03:33,2913
Q1 03:32,2912
Q1 03:31,2911
Q1 03:30,2910
Q1 03:29,2909
Q1 03:28,2908
Q1 03:27,2907
Q1 03:26,2906
Q1 03:25,2905
Q1 03:24,2904
Q1 03:23,2903
Q1 03:22,2902
Q1 03:21,2901
Q1 03:20,2900
Q1 03:19,2899
Q1 03:18,2898
Q1 03:17,2897
Q1 03:16,2896
Q1 03:15,2895
Q1 03:14,2894
Q1 03:13,2893
Q1 03:12,2892
Q1 03:11,2891
Q1 03:10,2890
Q1 03:09,2889
Q1 03:08,2888
Q1 03:07,2887
Q1 03:06,2886
Q1 03:05,2885
Q1 03:04,2884
Q1 03:03,2883
Q1 03:02,2882
Q1 03:01,2881
Q1 02:00,2880
Q1 02:59,2879
Q1 02:58,2878
Q1 02:57,2877
Q1 02:56,2876
Q1 02:55,2875
Q1 02:54,2874
Q1 02:53,2873
Q1 02:52,2872
Q1 02:51,2871
Q1 02:50,2870
Q1 02:49,2869
Q1 02:48,2868
Q1 02:47,2867
Q1 02:46,2866
Q1 02:45,2865
Q1 02:44,2864
Q1 02:43,2863
Q1 02:42,2862
Q1 02:41,2861
Q1 02:40,2860
Q1 02:39,2859
Q1 02:38,2858
Q1 02:37,2857
Q1 02:36,2856
Q1 02:35,2855
Q1 02:34,2854
Q1 02:33,2853
Q1 02:32,2852
Q1 02:31,2851
Q1 02:30,2850
Q1 02:29,2849
Q1 02:28,2848
Q1 02:27,2847
Q1 02:26,2846
Q1 02:25,2845
Q1 02:24,2844
Q1 02:23,2843
Q1 02:22,2842
Q1 02:21,2841
Q1 02:20,2840
Q1 02:19,2839
Q1 02:18,2838
Q1 02:17,2837
Q1 02:16,2836
Q1 02:15,2835
Q1 02:14,2834
Q1 02:13,2833
Q1 02:12,2832
Q1 02:11,2831
Q1 02:10,2830
Q1 02:09,2829
Q1 02:08,2828
Q1 02:07,2827
Q1 02:06,2826
Q1 02:05,2825
Q1 02:04,2824
Q1 02:03,2823
Q1 02:02,2822
Q1 02:01,2821
Q1 01:00,2820
Q1 01:59,2819
Q1 01:58,2818
Q1 01:57,2817
Q1 01:56,2816
Q1 01:55,2815
Q1 01:54,2814
Q1 01:53,2813
Q1 01:52,2812
Q1 01:51,2811
Q1 01:50,2810
Q1 01:49,2809
Q1 01:48,2808
Q1 01:47,2807
Q1 01:46,2806
Q1 01:45,2805
Q1 01:44,2804
Q1 01:43,2803
Q1 01:42,2802
Q1 01:41,2801
Q1 01:40,2800
Q1 01:39,2799
Q1 01:38,2798
Q1 01:37,2797
Q1 01:36,2796
Q1 01:35,2795
Q1 01:34,2794
Q1 01:33,2793
Q1 01:32,2792
Q1 01:31,2791
Q1 01:30,2790
Q1 01:29,2789
Q1 01:28,2788
Q1 01:27,2787
Q1 01:26,2786
Q1 01:25,2785
Q1 01:24,2784
Q1 01:23,2783
Q1 01:22,2782
Q1 01:21,2781
Q1 01:20,2780
Q1 01:19,2779
Q1 01:18,2778
Q1 01:17,2777
Q1 01:16,2776
Q1 01:15,2775
Q1 01:14,2774
Q1 01:13,2773
Q1 01:12,2772
Q1 01:11,2771
Q1 01:10,2770
Q1 01:09,2769
Q1 01:08,2768
Q1 01:07,2767
Q1 01:06,2766
Q1 01:05,2765
Q1 01:04,2764
Q1 01:03,2763
Q1 01:02,2762
Q1 01:01,2761
Q1 00:00,2760
Q1 00:59,2759
Q1 00:58,2758
Q1 00:57,2757
Q1 00:56,2756
Q1 00:55,2755
Q1 00:54,2754
Q1 00:53,2753
Q1 00:52,2752
Q1 00:51,2751
Q1 00:50,2750
Q1 00:49,2749
Q1 00:48,2748
Q1 00:47,2747
Q1 00:46,2746
Q1 00:45,2745
Q1 00:44,2744
Q1 00:43,2743
Q1 00:42,2742
Q1 00:41,2741
Q1 00:40,2740
Q1 00:39,2739
Q1 00:38,2738
Q1 00:37,2737
Q1 00:36,2736
Q1 00:35,2735
Q1 00:34,2734
Q1 00:33,2733
Q1 00:32,2732
Q1 00:31,2731
Q1 00:30,2730
Q1 00:29,2729
Q1 00:28,2728
Q1 00:27,2727
Q1 00:26,2726
Q1 00:25,2725
Q1 00:24,2724
Q1 00:23,2723
Q1 00:22,2722
Q1 00:21,2721
Q1 00:20,2720
Q1 00:19,2719
Q1 00:18,2718
Q1 00:17,2717
Q1 00:16,2716
Q1 00:15,2715
Q1 00:14,2714
Q1 00:13,2713
Q1 00:12,2712
Q1 00:11,2711
Q1 00:10,2710
Q1 00:09,2709
Q1 00:08,2708
Q1 00:07,2707
Q1 00:06,2706
Q1 00:05,2705
Q1 00:04,2704
Q1 00:03,2703
Q1 00:02,2702
Q1 00:01,2701
Q1 00:00,2700
Q2 15:00,2700
Q2 14:59,2699
Q2 14:58,2698
Q2 14:57,2697
Q2 14:56,2696
Q2 14:55,2695
Q2 14:54,2694
Q2 14:53,2693
Q2 14:52,2692
Q2 14:51,2691
Q2 14:50,2690
Q2 14:49,2689
Q2 14:48,2688
Q2 14:47,2687
Q2 14:46,2686
Q2 14:45,2685
Q2 14:44,2684
Q2 14:43,2683
Q2 14:42,2682
Q2 14:41,2681
Q2 14:40,2680
Q2 14:39,2679
Q2 14:38,2678
Q2 14:37,2677
Q2 14:36,2676
Q2 14:35,2675
Q2 14:34,2674
Q2 14:33,2673
Q2 14:32,2672
Q2 14:31,2671
Q2 14:30,2670
Q2 14:29,2669
Q2 14:28,2668
Q2 14:27,2667
Q2 14:26,2666
Q2 14:25,2665
Q2 14:24,2664
Q2 14:23,2663
Q2 14:22,2662
Q2 14:21,2661
Q2 14:20,2660
Q2 14:19,2659
Q2 14:18,2658
Q2 14:17,2657
Q2 14:16,2656
Q2 14:15,2655
Q2 14:14,2654
Q2 14:13,2653
Q2 14:12,2652
Q2 14:11,2651
Q2 14:10,2650
Q2 14:09,2649
Q2 14:08,2648
Q2 14:07,2647
Q2 14:06,2646
Q2 14:05,2645
Q2 14:04,2644
Q2 14:03,2643
Q2 14:02,2642
Q2 14:01,2641
Q2 13:00,2640
Q2 13:59,2639
Q2 13:58,2638
Q2 13:57,2637
Q2 13:56,2636
Q2 13:55,2635
Q2 13:54,2634
Q2 13:53,2633
Q2 13:52,2632
Q2 13:51,2631
Q2 13:50,2630
Q2 13:49,2629
Q2 13:48,2628
Q2 13:47,2627
Q2 13:46,2626
Q2 13:45,2625
Q2 13:44,2624
Q2 13:43,2623
Q2 13:42,2622
Q2 13:41,2621
Q2 13:40,2620
Q2 13:39,2619
Q2 13:38,2618
Q2 13:37,2617
Q2 13:36,2616
Q2 13:35,2615
Q2 13:34,2614
Q2 13:33,2613
Q2 13:32,2612
Q2 13:31,2611
Q2 13:30,2610
Q2 13:29,2609
Q2 13:28,2608
Q2 13:27,2607
Q2 13:26,2606
Q2 13:25,2605
Q2 13:24,2604
Q2 13:23,2603
Q2 13:22,2602
Q2 13:21,2601
Q2 13:20,2600
Q2 13:19,2599
Q2 13:18,2598
Q2 13:17,2597
Q2 13:16,2596
Q2 13:15,2595
Q2 13:14,2594
Q2 13:13,2593
Q2 13:12,2592
Q2 13:11,2591
Q2 13:10,2590
Q2 13:09,2589
Q2 13:08,2588
Q2 13:07,2587
Q2 13:06,2586
Q2 13:05,2585
Q2 13:04,2584
Q2 13:03,2583
Q2 13:02,2582
Q2 13:01,2581
Q2 12:00,2580
Q2 12:59,2579
Q2 12:58,2578
Q2 12:57,2577
Q2 12:56,2576
Q2 12:55,2575
Q2 12:54,2574
Q2 12:53,2573
Q2 12:52,2572
Q2 12:51,2571
Q2 12:50,2570
Q2 12:49,2569
Q2 12:48,2568
Q2 12:47,2567
Q2 12:46,2566
Q2 12:45,2565
Q2 12:44,2564
Q2 12:43,2563
Q2 12:42,2562
Q2 12:41,2561
Q2 12:40,2560
Q2 12:39,2559
Q2 12:38,2558
Q2 12:37,2557
Q2 12:36,2556
Q2 12:35,2555
Q2 12:34,2554
Q2 12:33,2553
Q2 12:32,2552
Q2 12:31,2551
Q2 12:30,2550
Q2 12:29,2549
Q2 12:28,2548
Q2 12:27,2547
Q2 12:26,2546
Q2 12:25,2545
Q2 12:24,2544
Q2 12:23,2543
Q2 12:22,2542
Q2 12:21,2541
Q2 12:20,2540
Q2 12:19,2539
Q2 12:18,2538
Q2 12:17,2537
Q2 12:16,2536
Q2 12:15,2535
Q2 12:14,2534
Q2 12:13,2533
Q2 12:12,2532
Q2 12:11,2531
Q2 12:10,2530
Q2 12:09,2529
Q2 12:08,2528
Q2 12:07,2527
Q2 12:06,2526
Q2 12:05,2525
Q2 12:04,2524
Q2 12:03,2523
Q2 12:02,2522
Q2 12:01,2521
Q2 11:00,2520
Q2 11:59,2519
Q2 11:58,2518
Q2 11:57,2517
Q2 11:56,2516
Q2 11:55,2515
Q2 11:54,2514
Q2 11:53,2513
Q2 11:52,2512
Q2 11:51,2511
Q2 11:50,2510
Q2 11:49,2509
Q2 11:48,2508
Q2 11:47,2507
Q2 11:46,2506
Q2 11:45,2505
Q2 11:44,2504
Q2 11:43,2503
Q2 11:42,2502
Q2 11:41,2501
Q2 11:40,2500
Q2 11:39,2499
Q2 11:38,2498
Q2 11:37,2497
Q2 11:36,2496
Q2 11:35,2495
Q2 11:34,2494
Q2 11:33,2493
Q2 11:32,2492
Q2 11:31,2491
Q2 11:30,2490
Q2 11:29,2489
Q2 11:28,2488
Q2 11:27,2487
Q2 11:26,2486
Q2 11:25,2485
Q2 11:24,2484
Q2 11:23,2483
Q2 11:22,2482
Q2 11:21,2481
Q2 11:20,2480
Q2 11:19,2479
Q2 11:18,2478
Q2 11:17,2477
Q2 11:16,2476
Q2 11:15,2475
Q2 11:14,2474
Q2 11:13,2473
Q2 11:12,2472
Q2 11:11,2471
Q2 11:10,2470
Q2 11:09,2469
Q2 11:08,2468
Q2 11:07,2467
Q2 11:06,2466
Q2 11:05,2465
Q2 11:04,2464
Q2 11:03,2463
Q2 11:02,2462
Q2 11:01,2461
Q2 10:00,2460
Q2 10:59,2459
Q2 10:58,2458
Q2 10:57,2457
Q2 10:56,2456
Q2 10:55,2455
Q2 10:54,2454
Q2 10:53,2453
Q2 10:52,2452
Q2 10:51,2451
Q2 10:50,2450
Q2 10:49,2449
Q2 10:48,2448
Q2 10:47,2447
Q2 10:46,2446
Q2 10:45,2445
Q2 10:44,2444
Q2 10:43,2443
Q2 10:42,2442
Q2 10:41,2441
Q2 10:40,2440
Q2 10:39,2439
Q2 10:38,2438
Q2 10:37,2437
Q2 10:36,2436
Q2 10:35,2435
Q2 10:34,2434
Q2 10:33,2433
Q2 10:32,2432
Q2 10:31,2431
Q2 10:30,2430
Q2 10:29,2429
Q2 10:28,2428
Q2 10:27,2427
Q2 10:26,2426
Q2 10:25,2425
Q2 10:24,2424
Q2 10:23,2423
Q2 10:22,2422
Q2 10:21,2421
Q2 10:20,2420
Q2 10:19,2419
Q2 10:18,2418
Q2 10:17,2417
Q2 10:16,2416
Q2 10:15,2415
Q2 10:14,2414
Q2 10:13,2413
Q2 10:12,2412
Q2 10:11,2411
Q2 10:10,2410
Q2 10:9,2409
Q2 10:09,2408
Q2 10:08,2407
Q2 10:07,2406
Q2 10:06,2405
Q2 10:05,2404
Q2 10:04,2403
Q2 10:03,2402
Q2 10:02,2401
Q2 09:01,2400
Q2 09:00,2399
Q2 09:58,2398
Q2 09:57,2397
Q2 09:56,2396
Q2 09:55,2395
Q2 09:54,2394
Q2 09:53,2393
Q2 09:52,2392
Q2 09:51,2391
Q2 09:50,2390
Q2 09:49,2389
Q2 09:48,2388
Q2 09:47,2387
Q2 09:46,2386
Q2 09:45,2385
Q2 09:44,2384
Q2 09:43,2383
Q2 09:42,2382
Q2 09:41,2381
Q2 09:40,2380
Q2 09:39,2379
Q2 09:38,2378
Q2 09:37,2377
Q2 09:36,2376
Q2 09:35,2375
Q2 09:34,2374
Q2 09:33,2373
Q2 09:32,2372
Q2 09:31,2371
Q2 09:30,2370
Q2 09:29,2369
Q2 09:28,2368
Q2 09:27,2367
Q2 09:26,2366
Q2 09:25,2365
Q2 09:24,2364
Q2 09:23,2363
Q2 09:22,2362
Q2 09:21,2361
Q2 09:20,2360
Q2 09:19,2359
Q2 09:18,2358
Q2 09:17,2357
Q2 09:16,2356
Q2 09:15,2355
Q2 09:14,2354
Q2 09:13,2353
Q2 09:12,2352
Q2 09:11,2351
Q2 09:10,2350
Q2 09:09,2349
Q2 09:08,2348
Q2 09:07,2347
Q2 09:06,2346
Q2 09:05,2345
Q2 09:04,2344
Q2 09:03,2343
Q2 09:02,2342
Q2 09:01,2341
Q2 08:00,2340
Q2 08:59,2339
Q2 08:58,2338
Q2 08:57,2337
Q2 08:56,2336
Q2 08:55,2335
Q2 08:54,2334
Q2 08:53,2333
Q2 08:52,2332
Q2 08:51,2331
Q2 08:50,2330
Q2 08:49,2329
Q2 08:48,2328
Q2 08:47,2327
Q2 08:46,2326
Q2 08:45,2325
Q2 08:44,2324
Q2 08:43,2323
Q2 08:42,2322
Q2 08:41,2321
Q2 08:40,2320
Q2 08:39,2319
Q2 08:38,2318
Q2 08:37,2317
Q2 08:36,2316
Q2 08:35,2315
Q2 08:34,2314
Q2 08:33,2313
Q2 08:32,2312
Q2 08:31,2311
Q2 08:30,2310
Q2 08:29,2309
Q2 08:28,2308
Q2 08:27,2307
Q2 08:26,2306
Q2 08:25,2305
Q2 08:24,2304
Q2 08:23,2303
Q2 08:22,2302
Q2 08:21,2301
Q2 08:20,2300
Q2 08:19,2299
Q2 08:18,2298
Q2 08:17,2297
Q2 08:16,2296
Q2 08:15,2295
Q2 08:14,2294
Q2 08:13,2293
Q2 08:12,2292
Q2 08:11,2291
Q2 08:10,2290
Q2 08:09,2289
Q2 08:08,2288
Q2 08:07,2287
Q2 08:06,2286
Q2 08:05,2285
Q2 08:04,2284
Q2 08:03,2283
Q2 08:02,2282
Q2 08:01,2281
Q2 07:00,2280
Q2 07:59,2279
Q2 07:58,2278
Q2 07:57,2277
Q2 07:56,2276
Q2 07:55,2275
Q2 07:54,2274
Q2 07:53,2273
Q2 07:52,2272
Q2 07:51,2271
Q2 07:50,2270
Q2 07:49,2269
Q2 07:48,2268
Q2 07:47,2267
Q2 07:46,2266
Q2 07:45,2265
Q2 07:44,2264
Q2 07:43,2263
Q2 07:42,2262
Q2 07:41,2261
Q2 07:40,2260
Q2 07:39,2259
Q2 07:38,2258
Q2 07:37,2257
Q2 07:36,2256
Q2 07:35,2255
Q2 07:34,2254
Q2 07:33,2253
Q2 07:32,2252
Q2 07:31,2251
Q2 07:30,2250
Q2 07:29,2249
Q2 07:28,2248
Q2 07:27,2247
Q2 07:26,2246
Q2 07:25,2245
Q2 07:24,2244
Q2 07:23,2243
Q2 07:22,2242
Q2 07:21,2241
Q2 07:20,2240
Q2 07:19,2239
Q2 07:18,2238
Q2 07:17,2237
Q2 07:16,2236
Q2 07:15,2235
Q2 07:14,2234
Q2 07:13,2233
Q2 07:12,2232
Q2 07:11,2231
Q2 07:10,2230
Q2 07:09,2229
Q2 07:08,2228
Q2 07:07,2227
Q2 07:06,2226
Q2 07:05,2225
Q2 07:04,2224
Q2 07:03,2223
Q2 07:02,2222
Q2 07:01,2221
Q2 06:00,2220
Q2 06:59,2219
Q2 06:58,2218
Q2 06:57,2217
Q2 06:56,2216
Q2 06:55,2215
Q2 06:54,2214
Q2 06:53,2213
Q2 06:52,2212
Q2 06:51,2211
Q2 06:50,2210
Q2 06:49,2209
Q2 06:48,2208
Q2 06:47,2207
Q2 06:46,2206
Q2 06:45,2205
Q2 06:44,2204
Q2 06:43,2203
Q2 06:42,2202
Q2 06:41,2201
Q2 06:40,2200
Q2 06:39,2199
Q2 06:38,2198
Q2 06:37,2197
Q2 06:36,2196
Q2 06:35,2195
Q2 06:34,2194
Q2 06:33,2193
Q2 06:32,2192
Q2 06:31,2191
Q2 06:30,2190
Q2 06:29,2189
Q2 06:28,2188
Q2 06:27,2187
Q2 06:26,2186
Q2 06:25,2185
Q2 06:24,2184
Q2 06:23,2183
Q2 06:22,2182
Q2 06:21,2181
Q2 06:20,2180
Q2 06:19,2179
Q2 06:18,2178
Q2 06:17,2177
Q2 06:16,2176
Q2 06:15,2175
Q2 06:14,2174
Q2 06:13,2173
Q2 06:12,2172
Q2 06:11,2171
Q2 06:10,2170
Q2 06:09,2169
Q2 06:08,2168
Q2 06:07,2167
Q2 06:06,2166
Q2 06:05,2165
Q2 06:04,2164
Q2 06:03,2163
Q2 06:02,2162
Q2 06:01,2161
Q2 05:00,2160
Q2 05:59,2159
Q2 05:58,2158
Q2 05:57,2157
Q2 05:56,2156
Q2 05:55,2155
Q2 05:54,2154
Q2 05:53,2153
Q2 05:52,2152
Q2 05:51,2151
Q2 05:50,2150
Q2 05:49,2149
Q2 05:48,2148
Q2 05:47,2147
Q2 05:46,2146
Q2 05:45,2145
Q2 05:44,2144
Q2 05:43,2143
Q2 05:42,2142
Q2 05:41,2141
Q2 05:40,2140
Q2 05:39,2139
Q2 05:38,2138
Q2 05:37,2137
Q2 05:36,2136
Q2 05:35,2135
Q2 05:34,2134
Q2 05:33,2133
Q2 05:32,2132
Q2 05:31,2131
Q2 05:30,2130
Q2 05:29,2129
Q2 05:28,2128
Q2 05:27,2127
Q2 05:26,2126
Q2 05:25,2125
Q2 05:24,2124
Q2 05:23,2123
Q2 05:22,2122
Q2 05:21,2121
Q2 05:20,2120
Q2 05:19,2119
Q2 05:18,2118
Q2 05:17,2117
Q2 05:16,2116
Q2 05:15,2115
Q2 05:14,2114
Q2 05:13,2113
Q2 05:12,2112
Q2 05:11,2111
Q2 05:10,2110
Q2 05:09,2109
Q2 05:08,2108
Q2 05:07,2107
Q2 05:06,2106
Q2 05:05,2105
Q2 05:04,2104
Q2 05:03,2103
Q2 05:02,2102
Q2 05:01,2101
Q2 04:00,2100
Q2 04:59,2099
Q2 04:58,2098
Q2 04:57,2097
Q2 04:56,2096
Q2 04:55,2095
Q2 04:54,2094
Q2 04:53,2093
Q2 04:52,2092
Q2 04:51,2091
Q2 04:50,2090
Q2 04:49,2089
Q2 04:48,2088
Q2 04:47,2087
Q2 04:46,2086
Q2 04:45,2085
Q2 04:44,2084
Q2 04:43,2083
Q2 04:42,2082
Q2 04:41,2081
Q2 04:40,2080
Q2 04:39,2079
Q2 04:38,2078
Q2 04:37,2077
Q2 04:36,2076
Q2 04:35,2075
Q2 04:34,2074
Q2 04:33,2073
Q2 04:32,2072
Q2 04:31,2071
Q2 04:30,2070
Q2 04:29,2069
Q2 04:28,2068
Q2 04:27,2067
Q2 04:26,2066
Q2 04:25,2065
Q2 04:24,2064
Q2 04:23,2063
Q2 04:22,2062
Q2 04:21,2061
Q2 04:20,2060
Q2 04:19,2059
Q2 04:18,2058
Q2 04:17,2057
Q2 04:16,2056
Q2 04:15,2055
Q2 04:14,2054
Q2 04:13,2053
Q2 04:12,2052
Q2 04:11,2051
Q2 04:10,2050
Q2 04:09,2049
Q2 04:08,2048
Q2 04:07,2047
Q2 04:06,2046
Q2 04:05,2045
Q2 04:04,2044
Q2 04:03,2043
Q2 04:02,2042
Q2 04:01,2041
Q2 03:00,2040
Q2 03:59,2039
Q2 03:58,2038
Q2 03:57,2037
Q2 03:56,2036
Q2 03:55,2035
Q2 03:54,2034
Q2 03:53,2033
Q2 03:52,2032
Q2 03:51,2031
Q2 03:50,2030
Q2 03:49,2029
Q2 03:48,2028
Q2 03:47,2027
Q2 03:46,2026
Q2 03:45,2025
Q2 03:44,2024
Q2 03:43,2023
Q2 03:42,2022
Q2 03:41,2021
Q2 03:40,2020
Q2 03:39,2019
Q2 03:38,2018
Q2 03:37,2017
Q2 03:36,2016
Q2 03:35,2015
Q2 03:34,2014
Q2 03:33,2013
Q2 03:32,2012
Q2 03:31,2011
Q2 03:30,2010
Q2 03:29,2009
Q2 03:28,2008
Q2 03:27,2007
Q2 03:26,2006
Q2 03:25,2005
Q2 03:24,2004
Q2 03:23,2003
Q2 03:22,2002
Q2 03:21,2001
Q2 03:20,2000
Q2 03:19,1999
Q2 03:18,1998
Q2 03:17,1997
Q2 03:16,1996
Q2 03:15,1995
Q2 03:14,1994
Q2 03:13,1993
Q2 03:12,1992
Q2 03:11,1991
Q2 03:10,1990
Q2 03:09,1989
Q2 03:08,1988
Q2 03:07,1987
Q2 03:06,1986
Q2 03:05,1985
Q2 03:04,1984
Q2 03:03,1983
Q2 03:02,1982
Q2 03:01,1981
Q2 02:00,1980
Q2 02:59,1979
Q2 02:58,1978
Q2 02:57,1977
Q2 02:56,1976
Q2 02:55,1975
Q2 02:54,1974
Q2 02:53,1973
Q2 02:52,1972
Q2 02:51,1971
Q2 02:50,1970
Q2 02:49,1969
Q2 02:48,1968
Q2 02:47,1967
Q2 02:46,1966
Q2 02:45,1965
Q2 02:44,1964
Q2 02:43,1963
Q2 02:42,1962
Q2 02:41,1961
Q2 02:40,1960
Q2 02:39,1959
Q2 02:38,1958
Q2 02:37,1957
Q2 02:36,1956
Q2 02:35,1955
Q2 02:34,1954
Q2 02:33,1953
Q2 02:32,1952
Q2 02:31,1951
Q2 02:30,1950
Q2 02:29,1949
Q2 02:28,1948
Q2 02:27,1947
Q2 02:26,1946
Q2 02:25,1945
Q2 02:24,1944
Q2 02:23,1943
Q2 02:22,1942
Q2 02:21,1941
Q2 02:20,1940
Q2 02:19,1939
Q2 02:18,1938
Q2 02:17,1937
Q2 02:16,1936
Q2 02:15,1935
Q2 02:14,1934
Q2 02:13,1933
Q2 02:12,1932
Q2 02:11,1931
Q2 02:10,1930
Q2 02:09,1929
Q2 02:08,1928
Q2 02:07,1927
Q2 02:06,1926
Q2 02:05,1925
Q2 02:04,1924
Q2 02:03,1923
Q2 02:02,1922
Q2 02:01,1921
Q2 01:00,1920
Q2 01:59,1919
Q2 01:58,1918
Q2 01:57,1917
Q2 01:56,1916
Q2 01:55,1915
Q2 01:54,1914
Q2 01:53,1913
Q2 01:52,1912
Q2 01:51,1911
Q2 01:50,1910
Q2 01:49,1909
Q2 01:48,1908
Q2 01:47,1907
Q2 01:46,1906
Q2 01:45,1905
Q2 01:44,1904
Q2 01:43,1903
Q2 01:42,1902
Q2 01:41,1901
Q2 01:40,1900
Q2 01:39,1899
Q2 01:38,1898
Q2 01:37,1897
Q2 01:36,1896
Q2 01:35,1895
Q2 01:34,1894
Q2 01:33,1893
Q2 01:32,1892
Q2 01:31,1891
Q2 01:30,1890
Q2 01:29,1889
Q2 01:28,1888
Q2 01:27,1887
Q2 01:26,1886
Q2 01:25,1885
Q2 01:24,1884
Q2 01:23,1883
Q2 01:22,1882
Q2 01:21,1881
Q2 01:20,1880
Q2 01:19,1879
Q2 01:18,1878
Q2 01:17,1877
Q2 01:16,1876
Q2 01:15,1875
Q2 01:14,1874
Q2 01:13,1873
Q2 01:12,1872
Q2 01:11,1871
Q2 01:10,1870
Q2 01:09,1869
Q2 01:08,1868
Q2 01:07,1867
Q2 01:06,1866
Q2 01:05,1865
Q2 01:04,1864
Q2 01:03,1863
Q2 01:02,1862
Q2 01:01,1861
Q2 00:00,1860
Q2 00:59,1859
Q2 00:58,1858
Q2 00:57,1857
Q2 00:56,1856
Q2 00:55,1855
Q2 00:54,1854
Q2 00:53,1853
Q2 00:52,1852
Q2 00:51,1851
Q2 00:50,1850
Q2 00:49,1849
Q2 00:48,1848
Q2 00:47,1847
Q2 00:46,1846
Q2 00:45,1845
Q2 00:44,1844
Q2 00:43,1843
Q2 00:42,1842
Q2 00:41,1841
Q2 00:40,1840
Q2 00:39,1839
Q2 00:38,1838
Q2 00:37,1837
Q2 00:36,1836
Q2 00:35,1835
Q2 00:34,1834
Q2 00:33,1833
Q2 00:32,1832
Q2 00:31,1831
Q2 00:30,1830
Q2 00:29,1829
Q2 00:28,1828
Q2 00:27,1827
Q2 00:26,1826
Q2 00:25,1825
Q2 00:24,1824
Q2 00:23,1823
Q2 00:22,1822
Q2 00:21,1821
Q2 00:20,1820
Q2 00:19,1819
Q2 00:18,1818
Q2 00:17,1817
Q2 00:16,1816
Q2 00:15,1815
Q2 00:14,1814
Q2 00:13,1813
Q2 00:12,1812
Q2 00:11,1811
Q2 00:10,1810
Q2 00:09,1809
Q2 00:08,1808
Q2 00:07,1807
Q2 00:06,1806
Q2 00:05,1805
Q2 00:04,1804
Q2 00:03,1803
Q2 00:02,1802
Q2 00:01,1801
Q2 00:00,1800
Q3 15:00,1800
Q3 14:59,1799
Q3 14:58,1798
Q3 14:57,1797
Q3 14:56,1796
Q3 14:55,1795
Q3 14:54,1794
Q3 14:53,1793
Q3 14:52,1792
Q3 14:51,1791
Q3 14:50,1790
Q3 14:49,1789
Q3 14:48,1788
Q3 14:47,1787
Q3 14:46,1786
Q3 14:45,1785
Q3 14:44,1784
Q3 14:43,1783
Q3 14:42,1782
Q3 14:41,1781
Q3 14:40,1780
Q3 14:39,1779
Q3 14:38,1778
Q3 14:37,1777
Q3 14:36,1776
Q3 14:35,1775
Q3 14:34,1774
Q3 14:33,1773
Q3 14:32,1772
Q3 14:31,1771
Q3 14:30,1770
Q3 14:29,1769
Q3 14:28,1768
Q3 14:27,1767
Q3 14:26,1766
Q3 14:25,1765
Q3 14:24,1764
Q3 14:23,1763
Q3 14:22,1762
Q3 14:21,1761
Q3 14:20,1760
Q3 14:19,1759
Q3 14:18,1758
Q3 14:17,1757
Q3 14:16,1756
Q3 14:15,1755
Q3 14:14,1754
Q3 14:13,1753
Q3 14:12,1752
Q3 14:11,1751
Q3 14:10,1750
Q3 14:09,1749
Q3 14:08,1748
Q3 14:07,1747
Q3 14:06,1746
Q3 14:05,1745
Q3 14:04,1744
Q3 14:03,1743
Q3 14:02,1742
Q3 14:01,1741
Q3 13:00,1740
Q3 13:59,1739
Q3 13:58,1738
Q3 13:57,1737
Q3 13:56,1736
Q3 13:55,1735
Q3 13:54,1734
Q3 13:53,1733
Q3 13:52,1732
Q3 13:51,1731
Q3 13:50,1730
Q3 13:49,1729
Q3 13:48,1728
Q3 13:47,1727
Q3 13:46,1726
Q3 13:45,1725
Q3 13:44,1724
Q3 13:43,1723
Q3 13:42,1722
Q3 13:41,1721
Q3 13:40,1720
Q3 13:39,1719
Q3 13:38,1718
Q3 13:37,1717
Q3 13:36,1716
Q3 13:35,1715
Q3 13:34,1714
Q3 13:33,1713
Q3 13:32,1712
Q3 13:31,1711
Q3 13:30,1710
Q3 13:29,1709
Q3 13:28,1708
Q3 13:27,1707
Q3 13:26,1706
Q3 13:25,1705
Q3 13:24,1704
Q3 13:23,1703
Q3 13:22,1702
Q3 13:21,1701
Q3 13:20,1700
Q3 13:19,1699
Q3 13:18,1698
Q3 13:17,1697
Q3 13:16,1696
Q3 13:15,1695
Q3 13:14,1694
Q3 13:13,1693
Q3 13:12,1692
Q3 13:11,1691
Q3 13:10,1690
Q3 13:09,1689
Q3 13:08,1688
Q3 13:07,1687
Q3 13:06,1686
Q3 13:05,1685
Q3 13:04,1684
Q3 13:03,1683
Q3 13:02,1682
Q3 13:01,1681
Q3 12:00,1680
Q3 12:59,1679
Q3 12:58,1678
Q3 12:57,1677
Q3 12:56,1676
Q3 12:55,1675
Q3 12:54,1674
Q3 12:53,1673
Q3 12:52,1672
Q3 12:51,1671
Q3 12:50,1670
Q3 12:49,1669
Q3 12:48,1668
Q3 12:47,1667
Q3 12:46,1666
Q3 12:45,1665
Q3 12:44,1664
Q3 12:43,1663
Q3 12:42,1662
Q3 12:41,1661
Q3 12:40,1660
Q3 12:39,1659
Q3 12:38,1658
Q3 12:37,1657
Q3 12:36,1656
Q3 12:35,1655
Q3 12:34,1654
Q3 12:33,1653
Q3 12:32,1652
Q3 12:31,1651
Q3 12:30,1650
Q3 12:29,1649
Q3 12:28,1648
Q3 12:27,1647
Q3 12:26,1646
Q3 12:25,1645
Q3 12:24,1644
Q3 12:23,1643
Q3 12:22,1642
Q3 12:21,1641
Q3 12:20,1640
Q3 12:19,1639
Q3 12:18,1638
Q3 12:17,1637
Q3 12:16,1636
Q3 12:15,1635
Q3 12:14,1634
Q3 12:13,1633
Q3 12:12,1632
Q3 12:11,1631
Q3 12:10,1630
Q3 12:09,1629
Q3 12:08,1628
Q3 12:07,1627
Q3 12:06,1626
Q3 12:05,1625
Q3 12:04,1624
Q3 12:03,1623
Q3 12:02,1622
Q3 12:01,1621
Q3 11:00,1620
Q3 11:59,1619
Q3 11:58,1618
Q3 11:57,1617
Q3 11:56,1616
Q3 11:55,1615
Q3 11:54,1614
Q3 11:53,1613
Q3 11:52,1612
Q3 11:51,1611
Q3 11:50,1610
Q3 11:49,1609
Q3 11:48,1608
Q3 11:47,1607
Q3 11:46,1606
Q3 11:45,1605
Q3 11:44,1604
Q3 11:43,1603
Q3 11:42,1602
Q3 11:41,1601
Q3 11:40,1600
Q3 11:39,1599
Q3 11:38,1598
Q3 11:37,1597
Q3 11:36,1596
Q3 11:35,1595
Q3 11:34,1594
Q3 11:33,1593
Q3 11:32,1592
Q3 11:31,1591
Q3 11:30,1590
Q3 11:29,1589
Q3 11:28,1588
Q3 11:27,1587
Q3 11:26,1586
Q3 11:25,1585
Q3 11:24,1584
Q3 11:23,1583
Q3 11:22,1582
Q3 11:21,1581
Q3 11:20,1580
Q3 11:19,1579
Q3 11:18,1578
Q3 11:17,1577
Q3 11:16,1576
Q3 11:15,1575
Q3 11:14,1574
Q3 11:13,1573
Q3 11:12,1572
Q3 11:11,1571
Q3 11:10,1570
Q3 11:09,1569
Q3 11:08,1568
Q3 11:07,1567
Q3 11:06,1566
Q3 11:05,1565
Q3 11:04,1564
Q3 11:03,1563
Q3 11:02,1562
Q3 11:01,1561
Q3 10:00,1560
Q3 10:59,1559
Q3 10:58,1558
Q3 10:57,1557
Q3 10:56,1556
Q3 10:55,1555
Q3 10:54,1554
Q3 10:53,1553
Q3 10:52,1552
Q3 10:51,1551
Q3 10:50,1550
Q3 10:49,1549
Q3 10:48,1548
Q3 10:47,1547
Q3 10:46,1546
Q3 10:45,1545
Q3 10:44,1544
Q3 10:43,1543
Q3 10:42,1542
Q3 10:41,1541
Q3 10:40,1540
Q3 10:39,1539
Q3 10:38,1538
Q3 10:37,1537
Q3 10:36,1536
Q3 10:35,1535
Q3 10:34,1534
Q3 10:33,1533
Q3 10:32,1532
Q3 10:31,1531
Q3 10:30,1530
Q3 10:29,1529
Q3 10:28,1528
Q3 10:27,1527
Q3 10:26,1526
Q3 10:25,1525
Q3 10:24,1524
Q3 10:23,1523
Q3 10:22,1522
Q3 10:21,1521
Q3 10:20,1520
Q3 10:19,1519
Q3 10:18,1518
Q3 10:17,1517
Q3 10:16,1516
Q3 10:15,1515
Q3 10:14,1514
Q3 10:13,1513
Q3 10:12,1512
Q3 10:11,1511
Q3 10:10,1510
Q3 10:9,1509
Q3 10:09,1508
Q3 10:08,1507
Q3 10:07,1506
Q3 10:06,1505
Q3 10:05,1504
Q3 10:04,1503
Q3 10:03,1502
Q3 10:02,1501
Q3 09:01,1500
Q3 09:00,1499
Q3 09:58,1498
Q3 09:57,1497
Q3 09:56,1496
Q3 09:55,1495
Q3 09:54,1494
Q3 09:53,1493
Q3 09:52,1492
Q3 09:51,1491
Q3 09:50,1490
Q3 09:49,1489
Q3 09:48,1488
Q3 09:47,1487
Q3 09:46,1486
Q3 09:45,1485
Q3 09:44,1484
Q3 09:43,1483
Q3 09:42,1482
Q3 09:41,1481
Q3 09:40,1480
Q3 09:39,1479
Q3 09:38,1478
Q3 09:37,1477
Q3 09:36,1476
Q3 09:35,1475
Q3 09:34,1474
Q3 09:33,1473
Q3 09:32,1472
Q3 09:31,1471
Q3 09:30,1470
Q3 09:29,1469
Q3 09:28,1468
Q3 09:27,1467
Q3 09:26,1466
Q3 09:25,1465
Q3 09:24,1464
Q3 09:23,1463
Q3 09:22,1462
Q3 09:21,1461
Q3 09:20,1460
Q3 09:19,1459
Q3 09:18,1458
Q3 09:17,1457
Q3 09:16,1456
Q3 09:15,1455
Q3 09:14,1454
Q3 09:13,1453
Q3 09:12,1452
Q3 09:11,1451
Q3 09:10,1450
Q3 09:09,1449
Q3 09:08,1448
Q3 09:07,1447
Q3 09:06,1446
Q3 09:05,1445
Q3 09:04,1444
Q3 09:03,1443
Q3 09:02,1442
Q3 09:01,1441
Q3 08:00,1440
Q3 08:59,1439
Q3 08:58,1438
Q3 08:57,1437
Q3 08:56,1436
Q3 08:55,1435
Q3 08:54,1434
Q3 08:53,1433
Q3 08:52,1432
Q3 08:51,1431
Q3 08:50,1430
Q3 08:49,1429
Q3 08:48,1428
Q3 08:47,1427
Q3 08:46,1426
Q3 08:45,1425
Q3 08:44,1424
Q3 08:43,1423
Q3 08:42,1422
Q3 08:41,1421
Q3 08:40,1420
Q3 08:39,1419
Q3 08:38,1418
Q3 08:37,1417
Q3 08:36,1416
Q3 08:35,1415
Q3 08:34,1414
Q3 08:33,1413
Q3 08:32,1412
Q3 08:31,1411
Q3 08:30,1410
Q3 08:29,1409
Q3 08:28,1408
Q3 08:27,1407
Q3 08:26,1406
Q3 08:25,1405
Q3 08:24,1404
Q3 08:23,1403
Q3 08:22,1402
Q3 08:21,1401
Q3 08:20,1400
Q3 08:19,1399
Q3 08:18,1398
Q3 08:17,1397
Q3 08:16,1396
Q3 08:15,1395
Q3 08:14,1394
Q3 08:13,1393
Q3 08:12,1392
Q3 08:11,1391
Q3 08:10,1390
Q3 08:09,1389
Q3 08:08,1388
Q3 08:07,1387
Q3 08:06,1386
Q3 08:05,1385
Q3 08:04,1384
Q3 08:03,1383
Q3 08:02,1382
Q3 08:01,1381
Q3 07:00,1380
Q3 07:59,1379
Q3 07:58,1378
Q3 07:57,1377
Q3 07:56,1376
Q3 07:55,1375
Q3 07:54,1374
Q3 07:53,1373
Q3 07:52,1372
Q3 07:51,1371
Q3 07:50,1370
Q3 07:49,1369
Q3 07:48,1368
Q3 07:47,1367
Q3 07:46,1366
Q3 07:45,1365
Q3 07:44,1364
Q3 07:43,1363
Q3 07:42,1362
Q3 07:41,1361
Q3 07:40,1360
Q3 07:39,1359
Q3 07:38,1358
Q3 07:37,1357
Q3 07:36,1356
Q3 07:35,1355
Q3 07:34,1354
Q3 07:33,1353
Q3 07:32,1352
Q3 07:31,1351
Q3 07:30,1350
Q3 07:29,1349
Q3 07:28,1348
Q3 07:27,1347
Q3 07:26,1346
Q3 07:25,1345
Q3 07:24,1344
Q3 07:23,1343
Q3 07:22,1342
Q3 07:21,1341
Q3 07:20,1340
Q3 07:19,1339
Q3 07:18,1338
Q3 07:17,1337
Q3 07:16,1336
Q3 07:15,1335
Q3 07:14,1334
Q3 07:13,1333
Q3 07:12,1332
Q3 07:11,1331
Q3 07:10,1330
Q3 07:09,1329
Q3 07:08,1328
Q3 07:07,1327
Q3 07:06,1326
Q3 07:05,1325
Q3 07:04,1324
Q3 07:03,1323
Q3 07:02,1322
Q3 07:01,1321
Q3 06:00,1320
Q3 06:59,1319
Q3 06:58,1318
Q3 06:57,1317
Q3 06:56,1316
Q3 06:55,1315
Q3 06:54,1314
Q3 06:53,1313
Q3 06:52,1312
Q3 06:51,1311
Q3 06:50,1310
Q3 06:49,1309
Q3 06:48,1308
Q3 06:47,1307
Q3 06:46,1306
Q3 06:45,1305
Q3 06:44,1304
Q3 06:43,1303
Q3 06:42,1302
Q3 06:41,1301
Q3 06:40,1300
Q3 06:39,1299
Q3 06:38,1298
Q3 06:37,1297
Q3 06:36,1296
Q3 06:35,1295
Q3 06:34,1294
Q3 06:33,1293
Q3 06:32,1292
Q3 06:31,1291
Q3 06:30,1290
Q3 06:29,1289
Q3 06:28,1288
Q3 06:27,1287
Q3 06:26,1286
Q3 06:25,1285
Q3 06:24,1284
Q3 06:23,1283
Q3 06:22,1282
Q3 06:21,1281
Q3 06:20,1280
Q3 06:19,1279
Q3 06:18,1278
Q3 06:17,1277
Q3 06:16,1276
Q3 06:15,1275
Q3 06:14,1274
Q3 06:13,1273
Q3 06:12,1272
Q3 06:11,1271
Q3 06:10,1270
Q3 06:09,1269
Q3 06:08,1268
Q3 06:07,1267
Q3 06:06,1266
Q3 06:05,1265
Q3 06:04,1264
Q3 06:03,1263
Q3 06:02,1262
Q3 06:01,1261
Q3 05:00,1260
Q3 05:59,1259
Q3 05:58,1258
Q3 05:57,1257
Q3 05:56,1256
Q3 05:55,1255
Q3 05:54,1254
Q3 05:53,1253
Q3 05:52,1252
Q3 05:51,1251
Q3 05:50,1250
Q3 05:49,1249
Q3 05:48,1248
Q3 05:47,1247
Q3 05:46,1246
Q3 05:45,1245
Q3 05:44,1244
Q3 05:43,1243
Q3 05:42,1242
Q3 05:41,1241
Q3 05:40,1240
Q3 05:39,1239
Q3 05:38,1238
Q3 05:37,1237
Q3 05:36,1236
Q3 05:35,1235
Q3 05:34,1234
Q3 05:33,1233
Q3 05:32,1232
Q3 05:31,1231
Q3 05:30,1230
Q3 05:29,1229
Q3 05:28,1228
Q3 05:27,1227
Q3 05:26,1226
Q3 05:25,1225
Q3 05:24,1224
Q3 05:23,1223
Q3 05:22,1222
Q3 05:21,1221
Q3 05:20,1220
Q3 05:19,1219
Q3 05:18,1218
Q3 05:17,1217
Q3 05:16,1216
Q3 05:15,1215
Q3 05:14,1214
Q3 05:13,1213
Q3 05:12,1212
Q3 05:11,1211
Q3 05:10,1210
Q3 05:09,1209
Q3 05:08,1208
Q3 05:07,1207
Q3 05:06,1206
Q3 05:05,1205
Q3 05:04,1204
Q3 05:03,1203
Q3 05:02,1202
Q3 05:01,1201
Q3 04:00,1200
Q3 04:59,1199
Q3 04:58,1198
Q3 04:57,1197
Q3 04:56,1196
Q3 04:55,1195
Q3 04:54,1194
Q3 04:53,1193
Q3 04:52,1192
Q3 04:51,1191
Q3 04:50,1190
Q3 04:49,1189
Q3 04:48,1188
Q3 04:47,1187
Q3 04:46,1186
Q3 04:45,1185
Q3 04:44,1184
Q3 04:43,1183
Q3 04:42,1182
Q3 04:41,1181
Q3 04:40,1180
Q3 04:39,1179
Q3 04:38,1178
Q3 04:37,1177
Q3 04:36,1176
Q3 04:35,1175
Q3 04:34,1174
Q3 04:33,1173
Q3 04:32,1172
Q3 04:31,1171
Q3 04:30,1170
Q3 04:29,1169
Q3 04:28,1168
Q3 04:27,1167
Q3 04:26,1166
Q3 04:25,1165
Q3 04:24,1164
Q3 04:23,1163
Q3 04:22,1162
Q3 04:21,1161
Q3 04:20,1160
Q3 04:19,1159
Q3 04:18,1158
Q3 04:17,1157
Q3 04:16,1156
Q3 04:15,1155
Q3 04:14,1154
Q3 04:13,1153
Q3 04:12,1152
Q3 04:11,1151
Q3 04:10,1150
Q3 04:09,1149
Q3 04:08,1148
Q3 04:07,1147
Q3 04:06,1146
Q3 04:05,1145
Q3 04:04,1144
Q3 04:03,1143
Q3 04:02,1142
Q3 04:01,1141
Q3 03:00,1140
Q3 03:59,1139
Q3 03:58,1138
Q3 03:57,1137
Q3 03:56,1136
Q3 03:55,1135
Q3 03:54,1134
Q3 03:53,1133
Q3 03:52,1132
Q3 03:51,1131
Q3 03:50,1130
Q3 03:49,1129
Q3 03:48,1128
Q3 03:47,1127
Q3 03:46,1126
Q3 03:45,1125
Q3 03:44,1124
Q3 03:43,1123
Q3 03:42,1122
Q3 03:41,1121
Q3 03:40,1120
Q3 03:39,1119
Q3 03:38,1118
Q3 03:37,1117
Q3 03:36,1116
Q3 03:35,1115
Q3 03:34,1114
Q3 03:33,1113
Q3 03:32,1112
Q3 03:31,1111
Q3 03:30,1110
Q3 03:29,1109
Q3 03:28,1108
Q3 03:27,1107
Q3 03:26,1106
Q3 03:25,1105
Q3 03:24,1104
Q3 03:23,1103
Q3 03:22,1102
Q3 03:21,1101
Q3 03:20,1100
Q3 03:19,1099
Q3 03:18,1098
Q3 03:17,1097
Q3 03:16,1096
Q3 03:15,1095
Q3 03:14,1094
Q3 03:13,1093
Q3 03:12,1092
Q3 03:11,1091
Q3 03:10,1090
Q3 03:09,1089
Q3 03:08,1088
Q3 03:07,1087
Q3 03:06,1086
Q3 03:05,1085
Q3 03:04,1084
Q3 03:03,1083
Q3 03:02,1082
Q3 03:01,1081
Q3 02:00,1080
Q3 02:59,1079
Q3 02:58,1078
Q3 02:57,1077
Q3 02:56,1076
Q3 02:55,1075
Q3 02:54,1074
Q3 02:53,1073
Q3 02:52,1072
Q3 02:51,1071
Q3 02:50,1070
Q3 02:49,1069
Q3 02:48,1068
Q3 02:47,1067
Q3 02:46,1066
Q3 02:45,1065
Q3 02:44,1064
Q3 02:43,1063
Q3 02:42,1062
Q3 02:41,1061
Q3 02:40,1060
Q3 02:39,1059
Q3 02:38,1058
Q3 02:37,1057
Q3 02:36,1056
Q3 02:35,1055
Q3 02:34,1054
Q3 02:33,1053
Q3 02:32,1052
Q3 02:31,1051
Q3 02:30,1050
Q3 02:29,1049
Q3 02:28,1048
Q3 02:27,1047
Q3 02:26,1046
Q3 02:25,1045
Q3 02:24,1044
Q3 02:23,1043
Q3 02:22,1042
Q3 02:21,1041
Q3 02:20,1040
Q3 02:19,1039
Q3 02:18,1038
Q3 02:17,1037
Q3 02:16,1036
Q3 02:15,1035
Q3 02:14,1034
Q3 02:13,1033
Q3 02:12,1032
Q3 02:11,1031
Q3 02:10,1030
Q3 02:09,1029
Q3 02:08,1028
Q3 02:07,1027
Q3 02:06,1026
Q3 02:05,1025
Q3 02:04,1024
Q3 02:03,1023
Q3 02:02,1022
Q3 02:01,1021
Q3 01:00,1020
Q3 01:59,1019
Q3 01:58,1018
Q3 01:57,1017
Q3 01:56,1016
Q3 01:55,1015
Q3 01:54,1014
Q3 01:53,1013
Q3 01:52,1012
Q3 01:51,1011
Q3 01:50,1010
Q3 01:49,1009
Q3 01:48,1008
Q3 01:47,1007
Q3 01:46,1006
Q3 01:45,1005
Q3 01:44,1004
Q3 01:43,1003
Q3 01:42,1002
Q3 01:41,1001
Q3 01:40,1000
Q3 01:39,999
Q3 01:38,998
Q3 01:37,997
Q3 01:36,996
Q3 01:35,995
Q3 01:34,994
Q3 01:33,993
Q3 01:32,992
Q3 01:31,991
Q3 01:30,990
Q3 01:29,989
Q3 01:28,988
Q3 01:27,987
Q3 01:26,986
Q3 01:25,985
Q3 01:24,984
Q3 01:23,983
Q3 01:22,982
Q3 01:21,981
Q3 01:20,980
Q3 01:19,979
Q3 01:18,978
Q3 01:17,977
Q3 01:16,976
Q3 01:15,975
Q3 01:14,974
Q3 01:13,973
Q3 01:12,972
Q3 01:11,971
Q3 01:10,970
Q3 01:09,969
Q3 01:08,968
Q3 01:07,967
Q3 01:06,966
Q3 01:05,965
Q3 01:04,964
Q3 01:03,963
Q3 01:02,962
Q3 01:01,961
Q3 00:00,960
Q3 00:59,959
Q3 00:58,958
Q3 00:57,957
Q3 00:56,956
Q3 00:55,955
Q3 00:54,954
Q3 00:53,953
Q3 00:52,952
Q3 00:51,951
Q3 00:50,950
Q3 00:49,949
Q3 00:48,948
Q3 00:47,947
Q3 00:46,946
Q3 00:45,945
Q3 00:44,944
Q3 00:43,943
Q3 00:42,942
Q3 00:41,941
Q3 00:40,940
Q3 00:39,939
Q3 00:38,938
Q3 00:37,937
Q3 00:36,936
Q3 00:35,935
Q3 00:34,934
Q3 00:33,933
Q3 00:32,932
Q3 00:31,931
Q3 00:30,930
Q3 00:29,929
Q3 00:28,928
Q3 00:27,927
Q3 00:26,926
Q3 00:25,925
Q3 00:24,924
Q3 00:23,923
Q3 00:22,922
Q3 00:21,921
Q3 00:20,920
Q3 00:19,919
Q3 00:18,918
Q3 00:17,917
Q3 00:16,916
Q3 00:15,915
Q3 00:14,914
Q3 00:13,913
Q3 00:12,912
Q3 00:11,911
Q3 00:10,910
Q3 00:09,909
Q3 00:08,908
Q3 00:07,907
Q3 00:06,906
Q3 00:05,905
Q3 00:04,904
Q3 00:03,903
Q3 00:02,902
Q3 00:01,901
Q3 00:00,900
Q4 15:00,900
Q4 14:59,899
Q4 14:58,898
Q4 14:57,897
Q4 14:56,896
Q4 14:55,895
Q4 14:54,894
Q4 14:53,893
Q4 14:52,892
Q4 14:51,891
Q4 14:50,890
Q4 14:49,889
Q4 14:48,888
Q4 14:47,887
Q4 14:46,886
Q4 14:45,885
Q4 14:44,884
Q4 14:43,883
Q4 14:42,882
Q4 14:41,881
Q4 14:40,880
Q4 14:39,879
Q4 14:38,878
Q4 14:37,877
Q4 14:36,876
Q4 14:35,875
Q4 14:34,874
Q4 14:33,873
Q4 14:32,872
Q4 14:31,871
Q4 14:30,870
Q4 14:29,869
Q4 14:28,868
Q4 14:27,867
Q4 14:26,866
Q4 14:25,865
Q4 14:24,864
Q4 14:23,863
Q4 14:22,862
Q4 14:21,861
Q4 14:20,860
Q4 14:19,859
Q4 14:18,858
Q4 14:17,857
Q4 14:16,856
Q4 14:15,855
Q4 14:14,854
Q4 14:13,853
Q4 14:12,852
Q4 14:11,851
Q4 14:10,850
Q4 14:09,849
Q4 14:08,848
Q4 14:07,847
Q4 14:06,846
Q4 14:05,845
Q4 14:04,844
Q4 14:03,843
Q4 14:02,842
Q4 14:01,841
Q4 13:00,840
Q4 13:59,839
Q4 13:58,838
Q4 13:57,837
Q4 13:56,836
Q4 13:55,835
Q4 13:54,834
Q4 13:53,833
Q4 13:52,832
Q4 13:51,831
Q4 13:50,830
Q4 13:49,829
Q4 13:48,828
Q4 13:47,827
Q4 13:46,826
Q4 13:45,825
Q4 13:44,824
Q4 13:43,823
Q4 13:42,822
Q4 13:41,821
Q4 13:40,820
Q4 13:39,819
Q4 13:38,818
Q4 13:37,817
Q4 13:36,816
Q4 13:35,815
Q4 13:34,814
Q4 13:33,813
Q4 13:32,812
Q4 13:31,811
Q4 13:30,810
Q4 13:29,809
Q4 13:28,808
Q4 13:27,807
Q4 13:26,806
Q4 13:25,805
Q4 13:24,804
Q4 13:23,803
Q4 13:22,802
Q4 13:21,801
Q4 13:20,800
Q4 13:19,799
Q4 13:18,798
Q4 13:17,797
Q4 13:16,796
Q4 13:15,795
Q4 13:14,794
Q4 13:13,793
Q4 13:12,792
Q4 13:11,791
Q4 13:10,790
Q4 13:09,789
Q4 13:08,788
Q4 13:07,787
Q4 13:06,786
Q4 13:05,785
Q4 13:04,784
Q4 13:03,783
Q4 13:02,782
Q4 13:01,781
Q4 12:00,780
Q4 12:59,779
Q4 12:58,778
Q4 12:57,777
Q4 12:56,776
Q4 12:55,775
Q4 12:54,774
Q4 12:53,773
Q4 12:52,772
Q4 12:51,771
Q4 12:50,770
Q4 12:49,769
Q4 12:48,768
Q4 12:47,767
Q4 12:46,766
Q4 12:45,765
Q4 12:44,764
Q4 12:43,763
Q4 12:42,762
Q4 12:41,761
Q4 12:40,760
Q4 12:39,759
Q4 12:38,758
Q4 12:37,757
Q4 12:36,756
Q4 12:35,755
Q4 12:34,754
Q4 12:33,753
Q4 12:32,752
Q4 12:31,751
Q4 12:30,750
Q4 12:29,749
Q4 12:28,748
Q4 12:27,747
Q4 12:26,746
Q4 12:25,745
Q4 12:24,744
Q4 12:23,743
Q4 12:22,742
Q4 12:21,741
Q4 12:20,740
Q4 12:19,739
Q4 12:18,738
Q4 12:17,737
Q4 12:16,736
Q4 12:15,735
Q4 12:14,734
Q4 12:13,733
Q4 12:12,732
Q4 12:11,731
Q4 12:10,730
Q4 12:09,729
Q4 12:08,728
Q4 12:07,727
Q4 12:06,726
Q4 12:05,725
Q4 12:04,724
Q4 12:03,723
Q4 12:02,722
Q4 12:01,721
Q4 11:00,720
Q4 11:59,719
Q4 11:58,718
Q4 11:57,717
Q4 11:56,716
Q4 11:55,715
Q4 11:54,714
Q4 11:53,713
Q4 11:52,712
Q4 11:51,711
Q4 11:50,710
Q4 11:49,709
Q4 11:48,708
Q4 11:47,707
Q4 11:46,706
Q4 11:45,705
Q4 11:44,704
Q4 11:43,703
Q4 11:42,702
Q4 11:41,701
Q4 11:40,700
Q4 11:39,699
Q4 11:38,698
Q4 11:37,697
Q4 11:36,696
Q4 11:35,695
Q4 11:34,694
Q4 11:33,693
Q4 11:32,692
Q4 11:31,691
Q4 11:30,690
Q4 11:29,689
Q4 11:28,688
Q4 11:27,687
Q4 11:26,686
Q4 11:25,685
Q4 11:24,684
Q4 11:23,683
Q4 11:22,682
Q4 11:21,681
Q4 11:20,680
Q4 11:19,679
Q4 11:18,678
Q4 11:17,677
Q4 11:16,676
Q4 11:15,675
Q4 11:14,674
Q4 11:13,673
Q4 11:12,672
Q4 11:11,671
Q4 11:10,670
Q4 11:09,669
Q4 11:08,668
Q4 11:07,667
Q4 11:06,666
Q4 11:05,665
Q4 11:04,664
Q4 11:03,663
Q4 11:02,662
Q4 11:01,661
Q4 10:00,660
Q4 10:59,659
Q4 10:58,658
Q4 10:57,657
Q4 10:56,656
Q4 10:55,655
Q4 10:54,654
Q4 10:53,653
Q4 10:52,652
Q4 10:51,651
Q4 10:50,650
Q4 10:49,649
Q4 10:48,648
Q4 10:47,647
Q4 10:46,646
Q4 10:45,645
Q4 10:44,644
Q4 10:43,643
Q4 10:42,642
Q4 10:41,641
Q4 10:40,640
Q4 10:39,639
Q4 10:38,638
Q4 10:37,637
Q4 10:36,636
Q4 10:35,635
Q4 10:34,634
Q4 10:33,633
Q4 10:32,632
Q4 10:31,631
Q4 10:30,630
Q4 10:29,629
Q4 10:28,628
Q4 10:27,627
Q4 10:26,626
Q4 10:25,625
Q4 10:24,624
Q4 10:23,623
Q4 10:22,622
Q4 10:21,621
Q4 10:20,620
Q4 10:19,619
Q4 10:18,618
Q4 10:17,617
Q4 10:16,616
Q4 10:15,615
Q4 10:14,614
Q4 10:13,613
Q4 10:12,612
Q4 10:11,611
Q4 10:10,610
Q4 10:9,609
Q4 10:09,608
Q4 10:08,607
Q4 10:07,606
Q4 10:06,605
Q4 10:05,604
Q4 10:04,603
Q4 10:03,602
Q4 10:02,601
Q4 09:01,600
Q4 09:00,599
Q4 09:58,598
Q4 09:57,597
Q4 09:56,596
Q4 09:55,595
Q4 09:54,594
Q4 09:53,593
Q4 09:52,592
Q4 09:51,591
Q4 09:50,590
Q4 09:49,589
Q4 09:48,588
Q4 09:47,587
Q4 09:46,586
Q4 09:45,585
Q4 09:44,584
Q4 09:43,583
Q4 09:42,582
Q4 09:41,581
Q4 09:40,580
Q4 09:39,579
Q4 09:38,578
Q4 09:37,577
Q4 09:36,576
Q4 09:35,575
Q4 09:34,574
Q4 09:33,573
Q4 09:32,572
Q4 09:31,571
Q4 09:30,570
Q4 09:29,569
Q4 09:28,568
Q4 09:27,567
Q4 09:26,566
Q4 09:25,565
Q4 09:24,564
Q4 09:23,563
Q4 09:22,562
Q4 09:21,561
Q4 09:20,560
Q4 09:19,559
Q4 09:18,558
Q4 09:17,557
Q4 09:16,556
Q4 09:15,555
Q4 09:14,554
Q4 09:13,553
Q4 09:12,552
Q4 09:11,551
Q4 09:10,550
Q4 09:09,549
Q4 09:08,548
Q4 09:07,547
Q4 09:06,546
Q4 09:05,545
Q4 09:04,544
Q4 09:03,543
Q4 09:02,542
Q4 09:01,541
Q4 08:00,540
Q4 08:59,539
Q4 08:58,538
Q4 08:57,537
Q4 08:56,536
Q4 08:55,535
Q4 08:54,534
Q4 08:53,533
Q4 08:52,532
Q4 08:51,531
Q4 08:50,530
Q4 08:49,529
Q4 08:48,528
Q4 08:47,527
Q4 08:46,526
Q4 08:45,525
Q4 08:44,524
Q4 08:43,523
Q4 08:42,522
Q4 08:41,521
Q4 08:40,520
Q4 08:39,519
Q4 08:38,518
Q4 08:37,517
Q4 08:36,516
Q4 08:35,515
Q4 08:34,514
Q4 08:33,513
Q4 08:32,512
Q4 08:31,511
Q4 08:30,510
Q4 08:29,509
Q4 08:28,508
Q4 08:27,507
Q4 08:26,506
Q4 08:25,505
Q4 08:24,504
Q4 08:23,503
Q4 08:22,502
Q4 08:21,501
Q4 08:20,500
Q4 08:19,499
Q4 08:18,498
Q4 08:17,497
Q4 08:16,496
Q4 08:15,495
Q4 08:14,494
Q4 08:13,493
Q4 08:12,492
Q4 08:11,491
Q4 08:10,490
Q4 08:09,489
Q4 08:08,488
Q4 08:07,487
Q4 08:06,486
Q4 08:05,485
Q4 08:04,484
Q4 08:03,483
Q4 08:02,482
Q4 08:01,481
Q4 07:00,480
Q4 07:59,479
Q4 07:58,478
Q4 07:57,477
Q4 07:56,476
Q4 07:55,475
Q4 07:54,474
Q4 07:53,473
Q4 07:52,472
Q4 07:51,471
Q4 07:50,470
Q4 07:49,469
Q4 07:48,468
Q4 07:47,467
Q4 07:46,466
Q4 07:45,465
Q4 07:44,464
Q4 07:43,463
Q4 07:42,462
Q4 07:41,461
Q4 07:40,460
Q4 07:39,459
Q4 07:38,458
Q4 07:37,457
Q4 07:36,456
Q4 07:35,455
Q4 07:34,454
Q4 07:33,453
Q4 07:32,452
Q4 07:31,451
Q4 07:30,450
Q4 07:29,449
Q4 07:28,448
Q4 07:27,447
Q4 07:26,446
Q4 07:25,445
Q4 07:24,444
Q4 07:23,443
Q4 07:22,442
Q4 07:21,441
Q4 07:20,440
Q4 07:19,439
Q4 07:18,438
Q4 07:17,437
Q4 07:16,436
Q4 07:15,435
Q4 07:14,434
Q4 07:13,433
Q4 07:12,432
Q4 07:11,431
Q4 07:10,430
Q4 07:09,429
Q4 07:08,428
Q4 07:07,427
Q4 07:06,426
Q4 07:05,425
Q4 07:04,424
Q4 07:03,423
Q4 07:02,422
Q4 07:01,421
Q4 06:00,420
Q4 06:59,419
Q4 06:58,418
Q4 06:57,417
Q4 06:56,416
Q4 06:55,415
Q4 06:54,414
Q4 06:53,413
Q4 06:52,412
Q4 06:51,411
Q4 06:50,410
Q4 06:49,409
Q4 06:48,408
Q4 06:47,407
Q4 06:46,406
Q4 06:45,405
Q4 06:44,404
Q4 06:43,403
Q4 06:42,402
Q4 06:41,401
Q4 06:40,400
Q4 06:39,399
Q4 06:38,398
Q4 06:37,397
Q4 06:36,396
Q4 06:35,395
Q4 06:34,394
Q4 06:33,393
Q4 06:32,392
Q4 06:31,391
Q4 06:30,390
Q4 06:29,389
Q4 06:28,388
Q4 06:27,387
Q4 06:26,386
Q4 06:25,385
Q4 06:24,384
Q4 06:23,383
Q4 06:22,382
Q4 06:21,381
Q4 06:20,380
Q4 06:19,379
Q4 06:18,378
Q4 06:17,377
Q4 06:16,376
Q4 06:15,375
Q4 06:14,374
Q4 06:13,373
Q4 06:12,372
Q4 06:11,371
Q4 06:10,370
Q4 06:09,369
Q4 06:08,368
Q4 06:07,367
Q4 06:06,366
Q4 06:05,365
Q4 06:04,364
Q4 06:03,363
Q4 06:02,362
Q4 06:01,361
Q4 05:00,360
Q4 05:59,359
Q4 05:58,358
Q4 05:57,357
Q4 05:56,356
Q4 05:55,355
Q4 05:54,354
Q4 05:53,353
Q4 05:52,352
Q4 05:51,351
Q4 05:50,350
Q4 05:49,349
Q4 05:48,348
Q4 05:47,347
Q4 05:46,346
Q4 05:45,345
Q4 05:44,344
Q4 05:43,343
Q4 05:42,342
Q4 05:41,341
Q4 05:40,340
Q4 05:39,339
Q4 05:38,338
Q4 05:37,337
Q4 05:36,336
Q4 05:35,335
Q4 05:34,334
Q4 05:33,333
Q4 05:32,332
Q4 05:31,331
Q4 05:30,330
Q4 05:29,329
Q4 05:28,328
Q4 05:27,327
Q4 05:26,326
Q4 05:25,325
Q4 05:24,324
Q4 05:23,323
Q4 05:22,322
Q4 05:21,321
Q4 05:20,320
Q4 05:19,319
Q4 05:18,318
Q4 05:17,317
Q4 05:16,316
Q4 05:15,315
Q4 05:14,314
Q4 05:13,313
Q4 05:12,312
Q4 05:11,311
Q4 05:10,310
Q4 05:09,309
Q4 05:08,308
Q4 05:07,307
Q4 05:06,306
Q4 05:05,305
Q4 05:04,304
Q4 05:03,303
Q4 05:02,302
Q4 05:01,301
Q4 04:00,300
Q4 04:59,299
Q4 04:58,298
Q4 04:57,297
Q4 04:56,296
Q4 04:55,295
Q4 04:54,294
Q4 04:53,293
Q4 04:52,292
Q4 04:51,291
Q4 04:50,290
Q4 04:49,289
Q4 04:48,288
Q4 04:47,287
Q4 04:46,286
Q4 04:45,285
Q4 04:44,284
Q4 04:43,283
Q4 04:42,282
Q4 04:41,281
Q4 04:40,280
Q4 04:39,279
Q4 04:38,278
Q4 04:37,277
Q4 04:36,276
Q4 04:35,275
Q4 04:34,274
Q4 04:33,273
Q4 04:32,272
Q4 04:31,271
Q4 04:30,270
Q4 04:29,269
Q4 04:28,268
Q4 04:27,267
Q4 04:26,266
Q4 04:25,265
Q4 04:24,264
Q4 04:23,263
Q4 04:22,262
Q4 04:21,261
Q4 04:20,260
Q4 04:19,259
Q4 04:18,258
Q4 04:17,257
Q4 04:16,256
Q4 04:15,255
Q4 04:14,254
Q4 04:13,253
Q4 04:12,252
Q4 04:11,251
Q4 04:10,250
Q4 04:09,249
Q4 04:08,248
Q4 04:07,247
Q4 04:06,246
Q4 04:05,245
Q4 04:04,244
Q4 04:03,243
Q4 04:02,242
Q4 04:01,241
Q4 03:00,240
Q4 03:59,239
Q4 03:58,238
Q4 03:57,237
Q4 03:56,236
Q4 03:55,235
Q4 03:54,234
Q4 03:53,233
Q4 03:52,232
Q4 03:51,231
Q4 03:50,230
Q4 03:49,229
Q4 03:48,228
Q4 03:47,227
Q4 03:46,226
Q4 03:45,225
Q4 03:44,224
Q4 03:43,223
Q4 03:42,222
Q4 03:41,221
Q4 03:40,220
Q4 03:39,219
Q4 03:38,218
Q4 03:37,217
Q4 03:36,216
Q4 03:35,215
Q4 03:34,214
Q4 03:33,213
Q4 03:32,212
Q4 03:31,211
Q4 03:30,210
Q4 03:29,209
Q4 03:28,208
Q4 03:27,207
Q4 03:26,206
Q4 03:25,205
Q4 03:24,204
Q4 03:23,203
Q4 03:22,202
Q4 03:21,201
Q4 03:20,200
Q4 03:19,199
Q4 03:18,198
Q4 03:17,197
Q4 03:16,196
Q4 03:15,195
Q4 03:14,194
Q4 03:13,193
Q4 03:12,192
Q4 03:11,191
Q4 03:10,190
Q4 03:09,189
Q4 03:08,188
Q4 03:07,187
Q4 03:06,186
Q4 03:05,185
Q4 03:04,184
Q4 03:03,183
Q4 03:02,182
Q4 03:01,181
Q4 02:00,180
Q4 02:59,179
Q4 02:58,178
Q4 02:57,177
Q4 02:56,176
Q4 02:55,175
Q4 02:54,174
Q4 02:53,173
Q4 02:52,172
Q4 02:51,171
Q4 02:50,170
Q4 02:49,169
Q4 02:48,168
Q4 02:47,167
Q4 02:46,166
Q4 02:45,165
Q4 02:44,164
Q4 02:43,163
Q4 02:42,162
Q4 02:41,161
Q4 02:40,160
Q4 02:39,159
Q4 02:38,158
Q4 02:37,157
Q4 02:36,156
Q4 02:35,155
Q4 02:34,154
Q4 02:33,153
Q4 02:32,152
Q4 02:31,151
Q4 02:30,150
Q4 02:29,149
Q4 02:28,148
Q4 02:27,147
Q4 02:26,146
Q4 02:25,145
Q4 02:24,144
Q4 02:23,143
Q4 02:22,142
Q4 02:21,141
Q4 02:20,140
Q4 02:19,139
Q4 02:18,138
Q4 02:17,137
Q4 02:16,136
Q4 02:15,135
Q4 02:14,134
Q4 02:13,133
Q4 02:12,132
Q4 02:11,131
Q4 02:10,130
Q4 02:09,129
Q4 02:08,128
Q4 02:07,127
Q4 02:06,126
Q4 02:05,125
Q4 02:04,124
Q4 02:03,123
Q4 02:02,122
Q4 02:01,121
Q4 01:00,120
Q4 01:59,119
Q4 01:58,118
Q4 01:57,117
Q4 01:56,116
Q4 01:55,115
Q4 01:54,114
Q4 01:53,113
Q4 01:52,112
Q4 01:51,111
Q4 01:50,110
Q4 01:49,109
Q4 01:48,108
Q4 01:47,107
Q4 01:46,106
Q4 01:45,105
Q4 01:44,104
Q4 01:43,103
Q4 01:42,102
Q4 01:41,101
Q4 01:40,100
Q4 01:39,99
Q4 01:38,98
Q4 01:37,97
Q4 01:36,96
Q4 01:35,95
Q4 01:34,94
Q4 01:33,93
Q4 01:32,92
Q4 01:31,91
Q4 01:30,90
Q4 01:29,89
Q4 01:28,88
Q4 01:27,87
Q4 01:26,86
Q4 01:25,85
Q4 01:24,84
Q4 01:23,83
Q4 01:22,82
Q4 01:21,81
Q4 01:20,80
Q4 01:19,79
Q4 01:18,78
Q4 01:17,77
Q4 01:16,76
Q4 01:15,75
Q4 01:14,74
Q4 01:13,73
Q4 01:12,72
Q4 01:11,71
Q4 01:10,70
Q4 01:09,69
Q4 01:08,68
Q4 01:07,67
Q4 01:06,66
Q4 01:05,65
Q4 01:04,64
Q4 01:03,63
Q4 01:02,62
Q4 01:01,61
Q4 00:00,60
Q4 00:59,59
Q4 00:58,58
Q4 00:57,57
Q4 00:56,56
Q4 00:55,55
Q4 00:54,54
Q4 00:53,53
Q4 00:52,52
Q4 00:51,51
Q4 00:50,50
Q4 00:49,49
Q4 00:48,48
Q4 00:47,47
Q4 00:46,46
Q4 00:45,45
Q4 00:44,44
Q4 00:43,43
Q4 00:42,42
Q4 00:41,41
Q4 00:40,40
Q4 00:39,39
Q4 00:38,38
Q4 00:37,37
Q4 00:36,36
Q4 00:35,35
Q4 00:34,34
Q4 00:33,33
Q4 00:32,32
Q4 00:31,31
Q4 00:30,30
Q4 00:29,29
Q4 00:28,28
Q4 00:27,27
Q4 00:26,26
Q4 00:25,25
Q4 00:24,24
Q4 00:23,23
Q4 00:22,22
Q4 00:21,21
Q4 00:20,20
Q4 00:19,19
Q4 00:18,18
Q4 00:17,17
Q4 00:16,16
Q4 00:15,15
Q4 00:14,14
Q4 00:13,13
Q4 00:12,12
Q4 00:11,11
Q4 00:10,10
Q4 00:09,9
Q4 00:08,8
Q4 00:07,7
Q4 00:06,6
Q4 00:05,5
Q4 00:04,4
Q4 00:03,3
Q4 00:02,2
Q4 00:01,1
Q4 00:00,0
OT 15:00,0
OT 14:59,-1
OT 14:58,-2
OT 14:57,-3
OT 14:56,-4
OT 14:55,-5
OT 14:54,-6
OT 14:53,-7
OT 14:52,-8
OT 14:51,-9
OT 14:50,-10
OT 14:49,-11
OT 14:48,-12
OT 14:47,-13
OT 14:46,-14
OT 14:45,-15
OT 14:44,-16
OT 14:43,-17
OT 14:42,-18
OT 14:41,-19
OT 14:40,-20
OT 14:39,-21
OT 14:38,-22
OT 14:37,-23
OT 14:36,-24
OT 14:35,-25
OT 14:34,-26
OT 14:33,-27
OT 14:32,-28
OT 14:31,-29
OT 14:30,-30
OT 14:29,-31
OT 14:28,-32
OT 14:27,-33
OT 14:26,-34
OT 14:25,-35
OT 14:24,-36
OT 14:23,-37
OT 14:22,-38
OT 14:21,-39
OT 14:20,-40
OT 14:19,-41
OT 14:18,-42
OT 14:17,-43
OT 14:16,-44
OT 14:15,-45
OT 14:14,-46
OT 14:13,-47
OT 14:12,-48
OT 14:11,-49
OT 14:10,-50
OT 14:09,-51
OT 14:08,-52
OT 14:07,-53
OT 14:06,-54
OT 14:05,-55
OT 14:04,-56
OT 14:03,-57
OT 14:02,-58
OT 14:01,-59
OT 13:00,-60
OT 13:59,-61
OT 13:58,-62
OT 13:57,-63
OT 13:56,-64
OT 13:55,-65
OT 13:54,-66
OT 13:53,-67
OT 13:52,-68
OT 13:51,-69
OT 13:50,-70
OT 13:49,-71
OT 13:48,-72
OT 13:47,-73
OT 13:46,-74
OT 13:45,-75
OT 13:44,-76
OT 13:43,-77
OT 13:42,-78
OT 13:41,-79
OT 13:40,-80
OT 13:39,-81
OT 13:38,-82
OT 13:37,-83
OT 13:36,-84
OT 13:35,-85
OT 13:34,-86
OT 13:33,-87
OT 13:32,-88
OT 13:31,-89
OT 13:30,-90
OT 13:29,-91
OT 13:28,-92
OT 13:27,-93
OT 13:26,-94
OT 13:25,-95
OT 13:24,-96
OT 13:23,-97
OT 13:22,-98
OT 13:21,-99
OT 13:20,-100
OT 13:19,-101
OT 13:18,-102
OT 13:17,-103
OT 13:16,-104
OT 13:15,-105
OT 13:14,-106
OT 13:13,-107
OT 13:12,-108
OT 13:11,-109
OT 13:10,-110
OT 13:09,-111
OT 13:08,-112
OT 13:07,-113
OT 13:06,-114
OT 13:05,-115
OT 13:04,-116
OT 13:03,-117
OT 13:02,-118
OT 13:01,-119
OT 12:00,-120
OT 12:59,-121
OT 12:58,-122
OT 12:57,-123
OT 12:56,-124
OT 12:55,-125
OT 12:54,-126
OT 12:53,-127
OT 12:52,-128
OT 12:51,-129
OT 12:50,-130
OT 12:49,-131
OT 12:48,-132
OT 12:47,-133
OT 12:46,-134
OT 12:45,-135
OT 12:44,-136
OT 12:43,-137
OT 12:42,-138
OT 12:41,-139
OT 12:40,-140
OT 12:39,-141
OT 12:38,-142
OT 12:37,-143
OT 12:36,-144
OT 12:35,-145
OT 12:34,-146
OT 12:33,-147
OT 12:32,-148
OT 12:31,-149
OT 12:30,-150
OT 12:29,-151
OT 12:28,-152
OT 12:27,-153
OT 12:26,-154
OT 12:25,-155
OT 12:24,-156
OT 12:23,-157
OT 12:22,-158
OT 12:21,-159
OT 12:20,-160
OT 12:19,-161
OT 12:18,-162
OT 12:17,-163
OT 12:16,-164
OT 12:15,-165
OT 12:14,-166
OT 12:13,-167
OT 12:12,-168
OT 12:11,-169
OT 12:10,-170
OT 12:09,-171
OT 12:08,-172
OT 12:07,-173
OT 12:06,-174
OT 12:05,-175
OT 12:04,-176
OT 12:03,-177
OT 12:02,-178
OT 12:01,-179
OT 11:00,-180
OT 11:59,-181
OT 11:58,-182
OT 11:57,-183
OT 11:56,-184
OT 11:55,-185
OT 11:54,-186
OT 11:53,-187
OT 11:52,-188
OT 11:51,-189
OT 11:50,-190
OT 11:49,-191
OT 11:48,-192
OT 11:47,-193
OT 11:46,-194
OT 11:45,-195
OT 11:44,-196
OT 11:43,-197
OT 11:42,-198
OT 11:41,-199
OT 11:40,-200
OT 11:39,-201
OT 11:38,-202
OT 11:37,-203
OT 11:36,-204
OT 11:35,-205
OT 11:34,-206
OT 11:33,-207
OT 11:32,-208
OT 11:31,-209
OT 11:30,-210
OT 11:29,-211
OT 11:28,-212
OT 11:27,-213
OT 11:26,-214
OT 11:25,-215
OT 11:24,-216
OT 11:23,-217
OT 11:22,-218
OT 11:21,-219
OT 11:20,-220
OT 11:19,-221
OT 11:18,-222
OT 11:17,-223
OT 11:16,-224
OT 11:15,-225
OT 11:14,-226
OT 11:13,-227
OT 11:12,-228
OT 11:11,-229
OT 11:10,-230
OT 11:09,-231
OT 11:08,-232
OT 11:07,-233
OT 11:06,-234
OT 11:05,-235
OT 11:04,-236
OT 11:03,-237
OT 11:02,-238
OT 11:01,-239
OT 10:00,-240
OT 10:59,-241
OT 10:58,-242
OT 10:57,-243
OT 10:56,-244
OT 10:55,-245
OT 10:54,-246
OT 10:53,-247
OT 10:52,-248
OT 10:51,-249
OT 10:50,-250
OT 10:49,-251
OT 10:48,-252
OT 10:47,-253
OT 10:46,-254
OT 10:45,-255
OT 10:44,-256
OT 10:43,-257
OT 10:42,-258
OT 10:41,-259
OT 10:40,-260
OT 10:39,-261
OT 10:38,-262
OT 10:37,-263
OT 10:36,-264
OT 10:35,-265
OT 10:34,-266
OT 10:33,-267
OT 10:32,-268
OT 10:31,-269
OT 10:30,-270
OT 10:29,-271
OT 10:28,-272
OT 10:27,-273
OT 10:26,-274
OT 10:25,-275
OT 10:24,-276
OT 10:23,-277
OT 10:22,-278
OT 10:21,-279
OT 10:20,-280
OT 10:19,-281
OT 10:18,-282
OT 10:17,-283
OT 10:16,-284
OT 10:15,-285
OT 10:14,-286
OT 10:13,-287
OT 10:12,-288
OT 10:11,-289
OT 10:10,-290
OT 10:9,-291
OT 10:09,-292
OT 10:08,-293
OT 10:07,-294
OT 10:06,-295
OT 10:05,-296
OT 10:04,-297
OT 10:03,-298
OT 10:02,-299
OT 09:01,-300
OT 09:00,-301
OT 09:58,-302
OT 09:57,-303
OT 09:56,-304
OT 09:55,-305
OT 09:54,-306
OT 09:53,-307
OT 09:52,-308
OT 09:51,-309
OT 09:50,-310
OT 09:49,-311
OT 09:48,-312
OT 09:47,-313
OT 09:46,-314
OT 09:45,-315
OT 09:44,-316
OT 09:43,-317
OT 09:42,-318
OT 09:41,-319
OT 09:40,-320
OT 09:39,-321
OT 09:38,-322
OT 09:37,-323
OT 09:36,-324
OT 09:35,-325
OT 09:34,-326
OT 09:33,-327
OT 09:32,-328
OT 09:31,-329
OT 09:30,-330
OT 09:29,-331
OT 09:28,-332
OT 09:27,-333
OT 09:26,-334
OT 09:25,-335
OT 09:24,-336
OT 09:23,-337
OT 09:22,-338
OT 09:21,-339
OT 09:20,-340
OT 09:19,-341
OT 09:18,-342
OT 09:17,-343
OT 09:16,-344
OT 09:15,-345
OT 09:14,-346
OT 09:13,-347
OT 09:12,-348
OT 09:11,-349
OT 09:10,-350
OT 09:09,-351
OT 09:08,-352
OT 09:07,-353
OT 09:06,-354
OT 09:05,-355
OT 09:04,-356
OT 09:03,-357
OT 09:02,-358
OT 09:01,-359
OT 08:00,-360
OT 08:59,-361
OT 08:58,-362
OT 08:57,-363
OT 08:56,-364
OT 08:55,-365
OT 08:54,-366
OT 08:53,-367
OT 08:52,-368
OT 08:51,-369
OT 08:50,-370
OT 08:49,-371
OT 08:48,-372
OT 08:47,-373
OT 08:46,-374
OT 08:45,-375
OT 08:44,-376
OT 08:43,-377
OT 08:42,-378
OT 08:41,-379
OT 08:40,-380
OT 08:39,-381
OT 08:38,-382
OT 08:37,-383
OT 08:36,-384
OT 08:35,-385
OT 08:34,-386
OT 08:33,-387
OT 08:32,-388
OT 08:31,-389
OT 08:30,-390
OT 08:29,-391
OT 08:28,-392
OT 08:27,-393
OT 08:26,-394
OT 08:25,-395
OT 08:24,-396
OT 08:23,-397
OT 08:22,-398
OT 08:21,-399
OT 08:20,-400
OT 08:19,-401
OT 08:18,-402
OT 08:17,-403
OT 08:16,-404
OT 08:15,-405
OT 08:14,-406
OT 08:13,-407
OT 08:12,-408
OT 08:11,-409
OT 08:10,-410
OT 08:09,-411
OT 08:08,-412
OT 08:07,-413
OT 08:06,-414
OT 08:05,-415
OT 08:04,-416
OT 08:03,-417
OT 08:02,-418
OT 08:01,-419
OT 07:00,-420
OT 07:59,-421
OT 07:58,-422
OT 07:57,-423
OT 07:56,-424
OT 07:55,-425
OT 07:54,-426
OT 07:53,-427
OT 07:52,-428
OT 07:51,-429
OT 07:50,-430
OT 07:49,-431
OT 07:48,-432
OT 07:47,-433
OT 07:46,-434
OT 07:45,-435
OT 07:44,-436
OT 07:43,-437
OT 07:42,-438
OT 07:41,-439
OT 07:40,-440
OT 07:39,-441
OT 07:38,-442
OT 07:37,-443
OT 07:36,-444
OT 07:35,-445
OT 07:34,-446
OT 07:33,-447
OT 07:32,-448
OT 07:31,-449
OT 07:30,-450
OT 07:29,-451
OT 07:28,-452
OT 07:27,-453
OT 07:26,-454
OT 07:25,-455
OT 07:24,-456
OT 07:23,-457
OT 07:22,-458
OT 07:21,-459
OT 07:20,-460
OT 07:19,-461
OT 07:18,-462
OT 07:17,-463
OT 07:16,-464
OT 07:15,-465
OT 07:14,-466
OT 07:13,-467
OT 07:12,-468
OT 07:11,-469
OT 07:10,-470
OT 07:09,-471
OT 07:08,-472
OT 07:07,-473
OT 07:06,-474
OT 07:05,-475
OT 07:04,-476
OT 07:03,-477
OT 07:02,-478
OT 07:01,-479
OT 06:00,-480
OT 06:59,-481
OT 06:58,-482
OT 06:57,-483
OT 06:56,-484
OT 06:55,-485
OT 06:54,-486
OT 06:53,-487
OT 06:52,-488
OT 06:51,-489
OT 06:50,-490
OT 06:49,-491
OT 06:48,-492
OT 06:47,-493
OT 06:46,-494
OT 06:45,-495
OT 06:44,-496
OT 06:43,-497
OT 06:42,-498
OT 06:41,-499
OT 06:40,-500
OT 06:39,-501
OT 06:38,-502
OT 06:37,-503
OT 06:36,-504
OT 06:35,-505
OT 06:34,-506
OT 06:33,-507
OT 06:32,-508
OT 06:31,-509
OT 06:30,-510
OT 06:29,-511
OT 06:28,-512
OT 06:27,-513
OT 06:26,-514
OT 06:25,-515
OT 06:24,-516
OT 06:23,-517
OT 06:22,-518
OT 06:21,-519
OT 06:20,-520
OT 06:19,-521
OT 06:18,-522
OT 06:17,-523
OT 06:16,-524
OT 06:15,-525
OT 06:14,-526
OT 06:13,-527
OT 06:12,-528
OT 06:11,-529
OT 06:10,-530
OT 06:09,-531
OT 06:08,-532
OT 06:07,-533
OT 06:06,-534
OT 06:05,-535
OT 06:04,-536
OT 06:03,-537
OT 06:02,-538
OT 06:01,-539
OT 05:00,-540
OT 05:59,-541
OT 05:58,-542
OT 05:57,-543
OT 05:56,-544
OT 05:55,-545
OT 05:54,-546
OT 05:53,-547
OT 05:52,-548
OT 05:51,-549
OT 05:50,-550
OT 05:49,-551
OT 05:48,-552
OT 05:47,-553
OT 05:46,-554
OT 05:45,-555
OT 05:44,-556
OT 05:43,-557
OT 05:42,-558
OT 05:41,-559
OT 05:40,-560
OT 05:39,-561
OT 05:38,-562
OT 05:37,-563
OT 05:36,-564
OT 05:35,-565
OT 05:34,-566
OT 05:33,-567
OT 05:32,-568
OT 05:31,-569
OT 05:30,-570
OT 05:29,-571
OT 05:28,-572
OT 05:27,-573
OT 05:26,-574
OT 05:25,-575
OT 05:24,-576
OT 05:23,-577
OT 05:22,-578
OT 05:21,-579
OT 05:20,-580
OT 05:19,-581
OT 05:18,-582
OT 05:17,-583
OT 05:16,-584
OT 05:15,-585
OT 05:14,-586
OT 05:13,-587
OT 05:12,-588
OT 05:11,-589
OT 05:10,-590
OT 05:09,-591
OT 05:08,-592
OT 05:07,-593
OT 05:06,-594
OT 05:05,-595
OT 05:04,-596
OT 05:03,-597
OT 05:02,-598
OT 05:01,-599
OT 04:00,-600
OT 04:59,-601
OT 04:58,-602
OT 04:57,-603
OT 04:56,-604
OT 04:55,-605
OT 04:54,-606
OT 04:53,-607
OT 04:52,-608
OT 04:51,-609
OT 04:50,-610
OT 04:49,-611
OT 04:48,-612
OT 04:47,-613
OT 04:46,-614
OT 04:45,-615
OT 04:44,-616
OT 04:43,-617
OT 04:42,-618
OT 04:41,-619
OT 04:40,-620
OT 04:39,-621
OT 04:38,-622
OT 04:37,-623
OT 04:36,-624
OT 04:35,-625
OT 04:34,-626
OT 04:33,-627
OT 04:32,-628
OT 04:31,-629
OT 04:30,-630
OT 04:29,-631
OT 04:28,-632
OT 04:27,-633
OT 04:26,-634
OT 04:25,-635
OT 04:24,-636
OT 04:23,-637
OT 04:22,-638
OT 04:21,-639
OT 04:20,-640
OT 04:19,-641
OT 04:18,-642
OT 04:17,-643
OT 04:16,-644
OT 04:15,-645
OT 04:14,-646
OT 04:13,-647
OT 04:12,-648
OT 04:11,-649
OT 04:10,-650
OT 04:09,-651
OT 04:08,-652
OT 04:07,-653
OT 04:06,-654
OT 04:05,-655
OT 04:04,-656
OT 04:03,-657
OT 04:02,-658
OT 04:01,-659
OT 03:00,-660
OT 03:59,-661
OT 03:58,-662
OT 03:57,-663
OT 03:56,-664
OT 03:55,-665
OT 03:54,-666
OT 03:53,-667
OT 03:52,-668
OT 03:51,-669
OT 03:50,-670
OT 03:49,-671
OT 03:48,-672
OT 03:47,-673
OT 03:46,-674
OT 03:45,-675
OT 03:44,-676
OT 03:43,-677
OT 03:42,-678
OT 03:41,-679
OT 03:40,-680
OT 03:39,-681
OT 03:38,-682
OT 03:37,-683
OT 03:36,-684
OT 03:35,-685
OT 03:34,-686
OT 03:33,-687
OT 03:32,-688
OT 03:31,-689
OT 03:30,-690
OT 03:29,-691
OT 03:28,-692
OT 03:27,-693
OT 03:26,-694
OT 03:25,-695
OT 03:24,-696
OT 03:23,-697
OT 03:22,-698
OT 03:21,-699
OT 03:20,-700
OT 03:19,-701
OT 03:18,-702
OT 03:17,-703
OT 03:16,-704
OT 03:15,-705
OT 03:14,-706
OT 03:13,-707
OT 03:12,-708
OT 03:11,-709
OT 03:10,-710
OT 03:09,-711
OT 03:08,-712
OT 03:07,-713
OT 03:06,-714
OT 03:05,-715
OT 03:04,-716
OT 03:03,-717
OT 03:02,-718
OT 03:01,-719
OT 02:00,-720
OT 02:59,-721
OT 02:58,-722
OT 02:57,-723
OT 02:56,-724
OT 02:55,-725
OT 02:54,-726
OT 02:53,-727
OT 02:52,-728
OT 02:51,-729
OT 02:50,-730
OT 02:49,-731
OT 02:48,-732
OT 02:47,-733
OT 02:46,-734
OT 02:45,-735
OT 02:44,-736
OT 02:43,-737
OT 02:42,-738
OT 02:41,-739
OT 02:40,-740
OT 02:39,-741
OT 02:38,-742
OT 02:37,-743
OT 02:36,-744
OT 02:35,-745
OT 02:34,-746
OT 02:33,-747
OT 02:32,-748
OT 02:31,-749
OT 02:30,-750
OT 02:29,-751
OT 02:28,-752
OT 02:27,-753
OT 02:26,-754
OT 02:25,-755
OT 02:24,-756
OT 02:23,-757
OT 02:22,-758
OT 02:21,-759
OT 02:20,-760
OT 02:19,-761
OT 02:18,-762
OT 02:17,-763
OT 02:16,-764
OT 02:15,-765
OT 02:14,-766
OT 02:13,-767
OT 02:12,-768
OT 02:11,-769
OT 02:10,-770
OT 02:09,-771
OT 02:08,-772
OT 02:07,-773
OT 02:06,-774
OT 02:05,-775
OT 02:04,-776
OT 02:03,-777
OT 02:02,-778
OT 02:01,-779
OT 01:00,-780
OT 01:59,-781
OT 01:58,-782
OT 01:57,-783
OT 01:56,-784
OT 01:55,-785
OT 01:54,-786
OT 01:53,-787
OT 01:52,-788
OT 01:51,-789
OT 01:50,-790
OT 01:49,-791
OT 01:48,-792
OT 01:47,-793
OT 01:46,-794
OT 01:45,-795
OT 01:44,-796
OT 01:43,-797
OT 01:42,-798
OT 01:41,-799
OT 01:40,-800
OT 01:39,-801
OT 01:38,-802
OT 01:37,-803
OT 01:36,-804
OT 01:35,-805
OT 01:34,-806
OT 01:33,-807
OT 01:32,-808
OT 01:31,-809
OT 01:30,-810
OT 01:29,-811
OT 01:28,-812
OT 01:27,-813
OT 01:26,-814
OT 01:25,-815
OT 01:24,-816
OT 01:23,-817
OT 01:22,-818
OT 01:21,-819
OT 01:20,-820
OT 01:19,-821
OT 01:18,-822
OT 01:17,-823
OT 01:16,-824
OT 01:15,-825
OT 01:14,-826
OT 01:13,-827
OT 01:12,-828
OT 01:11,-829
OT 01:10,-830
OT 01:09,-831
OT 01:08,-832
OT 01:07,-833
OT 01:06,-834
OT 01:05,-835
OT 01:04,-836
OT 01:03,-837
OT 01:02,-838
OT 01:01,-839
OT 00:00,-840
OT 00:59,-841
OT 00:58,-842
OT 00:57,-843
OT 00:56,-844
OT 00:55,-845
OT 00:54,-846
OT 00:53,-847
OT 00:52,-848
OT 00:51,-849
OT 00:50,-850
OT 00:49,-851
OT 00:48,-852
OT 00:47,-853
OT 00:46,-854
OT 00:45,-855
OT 00:44,-856
OT 00:43,-857
OT 00:42,-858
OT 00:41,-859
OT 00:40,-860
OT 00:39,-861
OT 00:38,-862
OT 00:37,-863
OT 00:36,-864
OT 00:35,-865
OT 00:34,-866
OT 00:33,-867
OT 00:32,-868
OT 00:31,-869
OT 00:30,-870
OT 00:29,-871
OT 00:28,-872
OT 00:27,-873
OT 00:26,-874
OT 00:25,-875
OT 00:24,-876
OT 00:23,-877
OT 00:22,-878
OT 00:21,-879
OT 00:20,-880
OT 00:19,-881
OT 00:18,-882
OT 00:17,-883
OT 00:16,-884
OT 00:15,-885
OT 00:14,-886
OT 00:13,-887
OT 00:12,-888
OT 00:11,-889
OT 00:10,-890
OT 00:09,-891
OT 00:08,-892
OT 00:07,-893
OT 00:06,-894
OT 00:05,-895
OT 00:04,-896
OT 00:03,-897
OT 00:02,-898
OT 00:01,-899
OT 00:00,-900